Workbook

Sheet How to use
B1: Aptimizer Phase II: test tracking sheet
B2: One tab per stage. Each tab lists every test, grouped by person (A, B, C).
B4: What you do (testers)
B5: 1. Open the tab for the stage we're on and find your letter (coloured band).
B6: 2. Run the test in the app. Type the app's answer in the yellow App answer column.
B7: 3. Type the correct answer from the book, the code or RERA in Correct answer. Some are already filled in.
B8: 4. Write where you got it: book name + page, or RERA registration number.
B9: 5. The Result column turns green (Pass) or red (Fail) by itself. Write anything odd in Notes.
B10: 6. Every Friday, upload the file to the shared folder. That's it.
B12: Typing rules
B13: • Numbers only in answer cells: type 1404, not 1404 kN. The unit is in the Unit column.
B14: • Percentages as plain numbers: type 35 for 35%.
... B33: What to test: IITGN EQ3 Example 1: base shear Vb | App answer: 1398.6 | Correct answer: 1404 | Where you got it: IITGN-WB-EQ3, Example 1, page 12 | Off by: -0.4% | Result: Pass

Sheet Summary
A1: Progress and pass rates (fills itself)
A2: Book = solved example from a textbook or code (target 100%). Real = real RERA data or a hand calculation (target 90%). Pass rate = passed ÷ (passed + failed).
A4: Stage | B4: Total tests | C4: Passed | D4: Failed | E4: Skipped (not tested) | F4: Still to do | G4: Book examples passed | H4: Book target 100% met? | I4: Real-data checks passed | J4: Real target 90% met? | K4: Before fixes: book passed | L4: Before fixes: real passed
A5: Stage 1 | B5: =COUNTIF('Stage 1'!$A$6:$A$165,"?*") | C5: =COUNTIF('Stage 1'!$M$6:$M$165,"Pass") | D5: =COUNTIF('Stage 1'!$M$6:$M$165,"Fail") | E5: =COUNTIF('Stage 1'!$M$6:$M$165,"Not tested") | F5: =COUNTIF('Stage 1'!$M$6:$M$165,"Not done yet")+COUNTIF('Stage 1'!$M$6:$M$165,"Claude will check") | G5: =IF((COUNTIFS('Stage 1'!$F$6:$F$165,"Book",'Stage 1'!$M$6:$M$165,"Pass")+COUNTIFS('Stage 1'!$F$6:$F$165,"Book",'Stage 1'!$M$6:$M$165,"Fail"))=0,"",COUNTIFS('Stage 1'!$F$6:$F$165,"Book",'Stage 1'!$M$6:$M$165,"Pass")/(COUNTIFS('Stage 1'!$F$6:$F$165,"Book",'Stage 1'!$M$6:$M$165,"Pass")+COUNTIFS('Stage 1'!$F$6:$F$165,"Book",'Stage 1'!$M$6:$M$165,"Fail"))) | H5: =IF(G5="","",IF(G5>=1,"Yes","Not yet")) | I5: =IF((COUNTIFS('Stage 1'!$F$6:$F$165,"Real",'Stage 1'!$M$6:$M$165,"Pass")+COUNTIFS('Stage 1'!$F$6:$F$165,"Real",'Stage 1'!$M$6:$M$165,"Fail"))=0,"",COUNTIFS('Stage 1'!$F$6:$F$165,"Real",'Stage 1'!$M$6:$M$165,"Pass")/(COUNTIFS('Stage 1'!$F$6:$F$165,"Real",'Stage 1'!$M$6:$M$165,"Pass")+COUNTIFS('Stage 1'!$F$6:$F$165,"Real",'Stage 1'!$M$6:$M$165,"Fail"))) | J5: =IF(I5="","",IF(I5>=0.9,"Yes","Not yet")) | K5: =IF((COUNTIFS('Stage 1'!$F$6:$F$165,"Book",'Stage 1'!$P$6:$P$165,"Pass")+COUNTIFS('Stage 1'!$F$6:$F$165,"Book",'Stage 1'!$P$6:$P$165,"Fail"))=0,"",COUNTIFS('Stage 1'!$F$6:$F$165,"Book",'Stage 1'!$P$6:$P$165,"Pass")/(COUNTIFS('Stage 1'!$F$6:$F$165,"Book",'Stage 1'!$P$6:$P$165,"Pass")+COUNTIFS('Stage 1'!$F$6:$F$165,"Book",'Stage 1'!$P$6:$P$165,"Fail"))) | L5: =IF((COUNTIFS('Stage 1'!$F$6:$F$165,"Real",'Stage 1'!$P$6:$P$165,"Pass")+COUNTIFS('Stage 1'!$F$6:$F$165,"Real",'Stage 1'!$P$6:$P$165,"Fail"))=0,"",COUNTIFS('Stage 1'!$F$6:$F$165,"Real",'Stage 1'!$P$6:$P$165,"Pass")/(COUNTIFS('Stage 1'!$F$6:$F$165,"Real",'Stage 1'!$P$6:$P$165,"Pass")+COUNTIFS('Stage 1'!$F$6:$F$165,"Real",'Stage 1'!$P$6:$P$165,"Fail")))
A6: Stage 2 | B6: =COUNTIF('Stage 2'!$A$6:$A$195,"?*") | C6: =COUNTIF('Stage 2'!$M$6:$M$195,"Pass") | D6: =COUNTIF('Stage 2'!$M$6:$M$195,"Fail") | E6: =COUNTIF('Stage 2'!$M$6:$M$195,"Not tested") | F6: =COUNTIF('Stage 2'!$M$6:$M$195,"Not done yet")+COUNTIF('Stage 2'!$M$6:$M$195,"Claude will check") | G6: =IF((COUNTIFS('Stage 2'!$F$6:$F$195,"Book",'Stage 2'!$M$6:$M$195,"Pass")+COUNTIFS('Stage 2'!$F$6:$F$195,"Book",'Stage 2'!$M$6:$M$195,"Fail"))=0,"",COUNTIFS('Stage 2'!$F$6:$F$195,"Book",'Stage 2'!$M$6:$M$195,"Pass")/(COUNTIFS('Stage 2'!$F$6:$F$195,"Book",'Stage 2'!$M$6:$M$195,"Pass")+COUNTIFS('Stage 2'!$F$6:$F$195,"Book",'Stage 2'!$M$6:$M$195,"Fail"))) | H6: =IF(G6="","",IF(G6>=1,"Yes","Not yet")) | I6: =IF((COUNTIFS('Stage 2'!$F$6:$F$195,"Real",'Stage 2'!$M$6:$M$195,"Pass")+COUNTIFS('Stage 2'!$F$6:$F$195,"Real",'Stage 2'!$M$6:$M$195,"Fail"))=0,"",COUNTIFS('Stage 2'!$F$6:$F$195,"Real",'Stage 2'!$M$6:$M$195,"Pass")/(COUNTIFS('Stage 2'!$F$6:$F$195,"Real",'Stage 2'!$M$6:$M$195,"Pass")+COUNTIFS('Stage 2'!$F$6:$F$195,"Real",'Stage 2'!$M$6:$M$195,"Fail"))) | J6: =IF(I6="","",IF(I6>=0.9,"Yes","Not yet")) | K6: =IF((COUNTIFS('Stage 2'!$F$6:$F$195,"Book",'Stage 2'!$P$6:$P$195,"Pass")+COUNTIFS('Stage 2'!$F$6:$F$195,"Book",'Stage 2'!$P$6:$P$195,"Fail"))=0,"",COUNTIFS('Stage 2'!$F$6:$F$195,"Book",'Stage 2'!$P$6:$P$195,"Pass")/(COUNTIFS('Stage 2'!$F$6:$F$195,"Book",'Stage 2'!$P$6:$P$195,"Pass")+COUNTIFS('Stage 2'!$F$6:$F$195,"Book",'Stage 2'!$P$6:$P$195,"Fail"))) | L6: =IF((COUNTIFS('Stage 2'!$F$6:$F$195,"Real",'Stage 2'!$P$6:$P$195,"Pass")+COUNTIFS('Stage 2'!$F$6:$F$195,"Real",'Stage 2'!$P$6:$P$195,"Fail"))=0,"",COUNTIFS('Stage 2'!$F$6:$F$195,"Real",'Stage 2'!$P$6:$P$195,"Pass")/(COUNTIFS('Stage 2'!$F$6:$F$195,"Real",'Stage 2'!$P$6:$P$195,"Pass")+COUNTIFS('Stage 2'!$F$6:$F$195,"Real",'Stage 2'!$P$6:$P$195,"Fail")))
A7: Stage 3 | B7: =COUNTIF('Stage 3'!$A$6:$A$189,"?*") | C7: =COUNTIF('Stage 3'!$M$6:$M$189,"Pass") | D7: =COUNTIF('Stage 3'!$M$6:$M$189,"Fail") | E7: =COUNTIF('Stage 3'!$M$6:$M$189,"Not tested") | F7: =COUNTIF('Stage 3'!$M$6:$M$189,"Not done yet")+COUNTIF('Stage 3'!$M$6:$M$189,"Claude will check") | G7: =IF((COUNTIFS('Stage 3'!$F$6:$F$189,"Book",'Stage 3'!$M$6:$M$189,"Pass")+COUNTIFS('Stage 3'!$F$6:$F$189,"Book",'Stage 3'!$M$6:$M$189,"Fail"))=0,"",COUNTIFS('Stage 3'!$F$6:$F$189,"Book",'Stage 3'!$M$6:$M$189,"Pass")/(COUNTIFS('Stage 3'!$F$6:$F$189,"Book",'Stage 3'!$M$6:$M$189,"Pass")+COUNTIFS('Stage 3'!$F$6:$F$189,"Book",'Stage 3'!$M$6:$M$189,"Fail"))) | H7: =IF(G7="","",IF(G7>=1,"Yes","Not yet")) | I7: =IF((COUNTIFS('Stage 3'!$F$6:$F$189,"Real",'Stage 3'!$M$6:$M$189,"Pass")+COUNTIFS('Stage 3'!$F$6:$F$189,"Real",'Stage 3'!$M$6:$M$189,"Fail"))=0,"",COUNTIFS('Stage 3'!$F$6:$F$189,"Real",'Stage 3'!$M$6:$M$189,"Pass")/(COUNTIFS('Stage 3'!$F$6:$F$189,"Real",'Stage 3'!$M$6:$M$189,"Pass")+COUNTIFS('Stage 3'!$F$6:$F$189,"Real",'Stage 3'!$M$6:$M$189,"Fail"))) | J7: =IF(I7="","",IF(I7>=0.9,"Yes","Not yet")) | K7: =IF((COUNTIFS('Stage 3'!$F$6:$F$189,"Book",'Stage 3'!$P$6:$P$189,"Pass")+COUNTIFS('Stage 3'!$F$6:$F$189,"Book",'Stage 3'!$P$6:$P$189,"Fail"))=0,"",COUNTIFS('Stage 3'!$F$6:$F$189,"Book",'Stage 3'!$P$6:$P$189,"Pass")/(COUNTIFS('Stage 3'!$F$6:$F$189,"Book",'Stage 3'!$P$6:$P$189,"Pass")+COUNTIFS('Stage 3'!$F$6:$F$189,"Book",'Stage 3'!$P$6:$P$189,"Fail"))) | L7: =IF((COUNTIFS('Stage 3'!$F$6:$F$189,"Real",'Stage 3'!$P$6:$P$189,"Pass")+COUNTIFS('Stage 3'!$F$6:$F$189,"Real",'Stage 3'!$P$6:$P$189,"Fail"))=0,"",COUNTIFS('Stage 3'!$F$6:$F$189,"Real",'Stage 3'!$P$6:$P$189,"Pass")/(COUNTIFS('Stage 3'!$F$6:$F$189,"Real",'Stage 3'!$P$6:$P$189,"Pass")+COUNTIFS('Stage 3'!$F$6:$F$189,"Real",'Stage 3'!$P$6:$P$189,"Fail")))
A8: Stage 4 | B8: =COUNTIF('Stage 4'!$A$6:$A$185,"?*") | C8: =COUNTIF('Stage 4'!$M$6:$M$185,"Pass") | D8: =COUNTIF('Stage 4'!$M$6:$M$185,"Fail") | E8: =COUNTIF('Stage 4'!$M$6:$M$185,"Not tested") | F8: =COUNTIF('Stage 4'!$M$6:$M$185,"Not done yet")+COUNTIF('Stage 4'!$M$6:$M$185,"Claude will check") | G8: =IF((COUNTIFS('Stage 4'!$F$6:$F$185,"Book",'Stage 4'!$M$6:$M$185,"Pass")+COUNTIFS('Stage 4'!$F$6:$F$185,"Book",'Stage 4'!$M$6:$M$185,"Fail"))=0,"",COUNTIFS('Stage 4'!$F$6:$F$185,"Book",'Stage 4'!$M$6:$M$185,"Pass")/(COUNTIFS('Stage 4'!$F$6:$F$185,"Book",'Stage 4'!$M$6:$M$185,"Pass")+COUNTIFS('Stage 4'!$F$6:$F$185,"Book",'Stage 4'!$M$6:$M$185,"Fail"))) | H8: =IF(G8="","",IF(G8>=1,"Yes","Not yet")) | I8: =IF((COUNTIFS('Stage 4'!$F$6:$F$185,"Real",'Stage 4'!$M$6:$M$185,"Pass")+COUNTIFS('Stage 4'!$F$6:$F$185,"Real",'Stage 4'!$M$6:$M$185,"Fail"))=0,"",COUNTIFS('Stage 4'!$F$6:$F$185,"Real",'Stage 4'!$M$6:$M$185,"Pass")/(COUNTIFS('Stage 4'!$F$6:$F$185,"Real",'Stage 4'!$M$6:$M$185,"Pass")+COUNTIFS('Stage 4'!$F$6:$F$185,"Real",'Stage 4'!$M$6:$M$185,"Fail"))) | J8: =IF(I8="","",IF(I8>=0.9,"Yes","Not yet")) | K8: =IF((COUNTIFS('Stage 4'!$F$6:$F$185,"Book",'Stage 4'!$P$6:$P$185,"Pass")+COUNTIFS('Stage 4'!$F$6:$F$185,"Book",'Stage 4'!$P$6:$P$185,"Fail"))=0,"",COUNTIFS('Stage 4'!$F$6:$F$185,"Book",'Stage 4'!$P$6:$P$185,"Pass")/(COUNTIFS('Stage 4'!$F$6:$F$185,"Book",'Stage 4'!$P$6:$P$185,"Pass")+COUNTIFS('Stage 4'!$F$6:$F$185,"Book",'Stage 4'!$P$6:$P$185,"Fail"))) | L8: =IF((COUNTIFS('Stage 4'!$F$6:$F$185,"Real",'Stage 4'!$P$6:$P$185,"Pass")+COUNTIFS('Stage 4'!$F$6:$F$185,"Real",'Stage 4'!$P$6:$P$185,"Fail"))=0,"",COUNTIFS('Stage 4'!$F$6:$F$185,"Real",'Stage 4'!$P$6:$P$185,"Pass")/(COUNTIFS('Stage 4'!$F$6:$F$185,"Real",'Stage 4'!$P$6:$P$185,"Pass")+COUNTIFS('Stage 4'!$F$6:$F$185,"Real",'Stage 4'!$P$6:$P$185,"Fail")))
A9: Stage 5 | B9: =COUNTIF('Stage 5'!$A$6:$A$131,"?*") | C9: =COUNTIF('Stage 5'!$M$6:$M$131,"Pass") | D9: =COUNTIF('Stage 5'!$M$6:$M$131,"Fail") | E9: =COUNTIF('Stage 5'!$M$6:$M$131,"Not tested") | F9: =COUNTIF('Stage 5'!$M$6:$M$131,"Not done yet")+COUNTIF('Stage 5'!$M$6:$M$131,"Claude will check") | G9: =IF((COUNTIFS('Stage 5'!$F$6:$F$131,"Book",'Stage 5'!$M$6:$M$131,"Pass")+COUNTIFS('Stage 5'!$F$6:$F$131,"Book",'Stage 5'!$M$6:$M$131,"Fail"))=0,"",COUNTIFS('Stage 5'!$F$6:$F$131,"Book",'Stage 5'!$M$6:$M$131,"Pass")/(COUNTIFS('Stage 5'!$F$6:$F$131,"Book",'Stage 5'!$M$6:$M$131,"Pass")+COUNTIFS('Stage 5'!$F$6:$F$131,"Book",'Stage 5'!$M$6:$M$131,"Fail"))) | H9: =IF(G9="","",IF(G9>=1,"Yes","Not yet")) | I9: =IF((COUNTIFS('Stage 5'!$F$6:$F$131,"Real",'Stage 5'!$M$6:$M$131,"Pass")+COUNTIFS('Stage 5'!$F$6:$F$131,"Real",'Stage 5'!$M$6:$M$131,"Fail"))=0,"",COUNTIFS('Stage 5'!$F$6:$F$131,"Real",'Stage 5'!$M$6:$M$131,"Pass")/(COUNTIFS('Stage 5'!$F$6:$F$131,"Real",'Stage 5'!$M$6:$M$131,"Pass")+COUNTIFS('Stage 5'!$F$6:$F$131,"Real",'Stage 5'!$M$6:$M$131,"Fail"))) | J9: =IF(I9="","",IF(I9>=0.9,"Yes","Not yet")) | K9: =IF((COUNTIFS('Stage 5'!$F$6:$F$131,"Book",'Stage 5'!$P$6:$P$131,"Pass")+COUNTIFS('Stage 5'!$F$6:$F$131,"Book",'Stage 5'!$P$6:$P$131,"Fail"))=0,"",COUNTIFS('Stage 5'!$F$6:$F$131,"Book",'Stage 5'!$P$6:$P$131,"Pass")/(COUNTIFS('Stage 5'!$F$6:$F$131,"Book",'Stage 5'!$P$6:$P$131,"Pass")+COUNTIFS('Stage 5'!$F$6:$F$131,"Book",'Stage 5'!$P$6:$P$131,"Fail"))) | L9: =IF((COUNTIFS('Stage 5'!$F$6:$F$131,"Real",'Stage 5'!$P$6:$P$131,"Pass")+COUNTIFS('Stage 5'!$F$6:$F$131,"Real",'Stage 5'!$P$6:$P$131,"Fail"))=0,"",COUNTIFS('Stage 5'!$F$6:$F$131,"Real",'Stage 5'!$P$6:$P$131,"Pass")/(COUNTIFS('Stage 5'!$F$6:$F$131,"Real",'Stage 5'!$P$6:$P$131,"Pass")+COUNTIFS('Stage 5'!$F$6:$F$131,"Real",'Stage 5'!$P$6:$P$131,"Fail")))
A10: Replay | B10: =COUNTIF(Replay!$A$6:$A$120,"?*") | C10: =COUNTIF(Replay!$M$6:$M$120,"Pass") | D10: =COUNTIF(Replay!$M$6:$M$120,"Fail") | E10: =COUNTIF(Replay!$M$6:$M$120,"Not tested") | F10: =COUNTIF(Replay!$M$6:$M$120,"Not done yet")+COUNTIF(Replay!$M$6:$M$120,"Claude will check") | G10: =IF((COUNTIFS(Replay!$F$6:$F$120,"Book",Replay!$M$6:$M$120,"Pass")+COUNTIFS(Replay!$F$6:$F$120,"Book",Replay!$M$6:$M$120,"Fail"))=0,"",COUNTIFS(Replay!$F$6:$F$120,"Book",Replay!$M$6:$M$120,"Pass")/(COUNTIFS(Replay!$F$6:$F$120,"Book",Replay!$M$6:$M$120,"Pass")+COUNTIFS(Replay!$F$6:$F$120,"Book",Replay!$M$6:$M$120,"Fail"))) | H10: =IF(G10="","",IF(G10>=1,"Yes","Not yet")) | I10: =IF((COUNTIFS(Replay!$F$6:$F$120,"Real",Replay!$M$6:$M$120,"Pass")+COUNTIFS(Replay!$F$6:$F$120,"Real",Replay!$M$6:$M$120,"Fail"))=0,"",COUNTIFS(Replay!$F$6:$F$120,"Real",Replay!$M$6:$M$120,"Pass")/(COUNTIFS(Replay!$F$6:$F$120,"Real",Replay!$M$6:$M$120,"Pass")+COUNTIFS(Replay!$F$6:$F$120,"Real",Replay!$M$6:$M$120,"Fail"))) | J10: =IF(I10="","",IF(I10>=0.9,"Yes","Not yet")) | K10: =IF((COUNTIFS(Replay!$F$6:$F$120,"Book",Replay!$P$6:$P$120,"Pass")+COUNTIFS(Replay!$F$6:$F$120,"Book",Replay!$P$6:$P$120,"Fail"))=0,"",COUNTIFS(Replay!$F$6:$F$120,"Book",Replay!$P$6:$P$120,"Pass")/(COUNTIFS(Replay!$F$6:$F$120,"Book",Replay!$P$6:$P$120,"Pass")+COUNTIFS(Replay!$F$6:$F$120,"Book",Replay!$P$6:$P$120,"Fail"))) | L10: =IF((COUNTIFS(Replay!$F$6:$F$120,"Real",Replay!$P$6:$P$120,"Pass")+COUNTIFS(Replay!$F$6:$F$120,"Real",Replay!$P$6:$P$120,"Fail"))=0,"",COUNTIFS(Replay!$F$6:$F$120,"Real",Replay!$P$6:$P$120,"Pass")/(COUNTIFS(Replay!$F$6:$F$120,"Real",Replay!$P$6:$P$120,"Pass")+COUNTIFS(Replay!$F$6:$F$120,"Real",Replay!$P$6:$P$120,"Fail")))
A11: All | B11: =SUM(B5:B10) | C11: =SUM(C5:C10) | D11: =SUM(D5:D10) | E11: =SUM(E5:E10) | F11: =SUM(F5:F10)

Sheet Stage 1
A1: Stage 1 Site analysis enhancement (week 2)
A2: HOW TO FILL: 1) Find your letter. 2) Run the test in the app and type its answer in App answer. 3) Type the correct answer from the book or RERA in Correct answer (some are already filled). 4) Write where you got it. 5) Result fills itself. Don't change grey cells.
A4: Yellow = you fill · Grey = fixed plan, don't change · Blue = Claude fills · Click + above column R to see technical details
A5: # | B5: Who | C5: Topic | D5: What to test | E5: Unit | F5: Type | G5: Compare with | H5: Pass if | I5: App answer | J5: Correct answer | K5: Where you got it (book + page, or RERA no.) | L5: Off by | M5: Result | N5: Notes | O5: Claude: override | P5: Claude: first-run result | Q5: Claude: why it failed | R5: Code / clause | S5: Edition | T5: Tol type | U5: Tol low | V5: Tol high | W5: Difference | X5: Error % | Y5: Auto result
B6: A's tests (21)
A7: S1-001 | B7: A | C7: Map source | D7: Plot 1: app reading matches saved Google reply | E7: Yes/No | F7: Book | G7: Saved Google API reply file | H7: Same as correct answer | J7: Yes | L7: =IF(W7="","",W7) | M7: =IF(O7<>"",O7,Y7) | R7: — | S7: n/a | T7: Exact | W7: =IF(AND(ISNUMBER(I7),ISNUMBER(J7)),I7-J7,"") | X7: =IF(AND(ISNUMBER(I7),ISNUMBER(J7)),IF(J7=0,"",(I7-J7)/ABS(J7)),"") | Y7: =IF(T7="Advisory","No pass mark",IF(T7="Manual","Claude will check",IF(I7="","Not done yet",IF(T7="Exact",IF(AND(ISNUMBER(I7),ISNUMBER(J7)),IF(ROUND(I7,2)=ROUND(J7,2),"Pass","Fail"),IF(TRIM(LOWER(I7&""))=TRIM(LOWER(J7&"")),"Pass","Fail")),IF(T7="Min",IF(I7>=U7-1E-9,"Pass","Fail"),IF(T7="Between",IF(AND(I7>=U7,I7<=V7),"Pass","Fail"),IF(J7="","Not done yet",IF(T7="±%",IF(X7="","Check correct answer",IF(ABS(X7)*100<=V7+1E-9,"Pass","Fail")),IF(T7="% range",IF(X7="","Check correct answer",IF(AND(X7*100>=U7-1E-9,X7*100<=V7+1E-9),"Pass","Fail")),IF(T7="±abs",IF(ABS(W7)<=V7+1E-9,"Pass","Fail"),"Check type"))))))))))
A8: S1-002 | B8: A | C8: Map source | D8: Plot 2: app reading matches saved Google reply | E8: Yes/No | F8: Book | G8: Saved Google API reply file | H8: Same as correct answer | J8: Yes | L8: =IF(W8="","",W8) | M8: =IF(O8<>"",O8,Y8) | R8: — | S8: n/a | T8: Exact | W8: =IF(AND(ISNUMBER(I8),ISNUMBER(J8)),I8-J8,"") | X8: =IF(AND(ISNUMBER(I8),ISNUMBER(J8)),IF(J8=0,"",(I8-J8)/ABS(J8)),"") | Y8: =IF(T8="Advisory","No pass mark",IF(T8="Manual","Claude will check",IF(I8="","Not done yet",IF(T8="Exact",IF(AND(ISNUMBER(I8),ISNUMBER(J8)),IF(ROUND(I8,2)=ROUND(J8,2),"Pass","Fail"),IF(TRIM(LOWER(I8&""))=TRIM(LOWER(J8&"")),"Pass","Fail")),IF(T8="Min",IF(I8>=U8-1E-9,"Pass","Fail"),IF(T8="Between",IF(AND(I8>=U8,I8<=V8),"Pass","Fail"),IF(J8="","Not done yet",IF(T8="±%",IF(X8="","Check correct answer",IF(ABS(X8)*100<=V8+1E-9,"Pass","Fail")),IF(T8="% range",IF(X8="","Check correct answer",IF(AND(X8*100>=U8-1E-9,X8*100<=V8+1E-9),"Pass","Fail")),IF(T8="±abs",IF(ABS(W8)<=V8+1E-9,"Pass","Fail"),"Check type"))))))))))
A9: S1-003 | B9: A | C9: Map source | D9: Plot 3: app reading matches saved Google reply | E9: Yes/No | F9: Book | G9: Saved Google API reply file | H9: Same as correct answer | J9: Yes | L9: =IF(W9="","",W9) | M9: =IF(O9<>"",O9,Y9) | R9: — | S9: n/a | T9: Exact | W9: =IF(AND(ISNUMBER(I9),ISNUMBER(J9)),I9-J9,"") | X9: =IF(AND(ISNUMBER(I9),ISNUMBER(J9)),IF(J9=0,"",(I9-J9)/ABS(J9)),"") | Y9: =IF(T9="Advisory","No pass mark",IF(T9="Manual","Claude will check",IF(I9="","Not done yet",IF(T9="Exact",IF(AND(ISNUMBER(I9),ISNUMBER(J9)),IF(ROUND(I9,2)=ROUND(J9,2),"Pass","Fail"),IF(TRIM(LOWER(I9&""))=TRIM(LOWER(J9&"")),"Pass","Fail")),IF(T9="Min",IF(I9>=U9-1E-9,"Pass","Fail"),IF(T9="Between",IF(AND(I9>=U9,I9<=V9),"Pass","Fail"),IF(J9="","Not done yet",IF(T9="±%",IF(X9="","Check correct answer",IF(ABS(X9)*100<=V9+1E-9,"Pass","Fail")),IF(T9="% range",IF(X9="","Check correct answer",IF(AND(X9*100>=U9-1E-9,X9*100<=V9+1E-9),"Pass","Fail")),IF(T9="±abs",IF(ABS(W9)<=V9+1E-9,"Pass","Fail"),"Check type"))))))))))
A10: S1-004 | B10: A | C10: Map source | D10: Plot 4: app reading matches saved Google reply | E10: Yes/No | F10: Book | G10: Saved Google API reply file | H10: Same as correct answer | J10: Yes | L10: =IF(W10="","",W10) | M10: =IF(O10<>"",O10,Y10) | R10: — | S10: n/a | T10: Exact | W10: =IF(AND(ISNUMBER(I10),ISNUMBER(J10)),I10-J10,"") | X10: =IF(AND(ISNUMBER(I10),ISNUMBER(J10)),IF(J10=0,"",(I10-J10)/ABS(J10)),"") | Y10: =IF(T10="Advisory","No pass mark",IF(T10="Manual","Claude will check",IF(I10="","Not done yet",IF(T10="Exact",IF(AND(ISNUMBER(I10),ISNUMBER(J10)),IF(ROUND(I10,2)=ROUND(J10,2),"Pass","Fail"),IF(TRIM(LOWER(I10&""))=TRIM(LOWER(J10&"")),"Pass","Fail")),IF(T10="Min",IF(I10>=U10-1E-9,"Pass","Fail"),IF(T10="Between",IF(AND(I10>=U10,I10<=V10),"Pass","Fail"),IF(J10="","Not done yet",IF(T10="±%",IF(X10="","Check correct answer",IF(ABS(X10)*100<=V10+1E-9,"Pass","Fail")),IF(T10="% range",IF(X10="","Check correct answer",IF(AND(X10*100>=U10-1E-9,X10*100<=V10+1E-9),"Pass","Fail")),IF(T10="±abs",IF(ABS(W10)<=V10+1E-9,"Pass","Fail"),"Check type"))))))))))
A11: S1-005 | B11: A | C11: Map source | D11: Plot 5: app reading matches saved Google reply | E11: Yes/No | F11: Book | G11: Saved Google API reply file | H11: Same as correct answer | J11: Yes | L11: =IF(W11="","",W11) | M11: =IF(O11<>"",O11,Y11) | R11: — | S11: n/a | T11: Exact | W11: =IF(AND(ISNUMBER(I11),ISNUMBER(J11)),I11-J11,"") | X11: =IF(AND(ISNUMBER(I11),ISNUMBER(J11)),IF(J11=0,"",(I11-J11)/ABS(J11)),"") | Y11: =IF(T11="Advisory","No pass mark",IF(T11="Manual","Claude will check",IF(I11="","Not done yet",IF(T11="Exact",IF(AND(ISNUMBER(I11),ISNUMBER(J11)),IF(ROUND(I11,2)=ROUND(J11,2),"Pass","Fail"),IF(TRIM(LOWER(I11&""))=TRIM(LOWER(J11&"")),"Pass","Fail")),IF(T11="Min",IF(I11>=U11-1E-9,"Pass","Fail"),IF(T11="Between",IF(AND(I11>=U11,I11<=V11),"Pass","Fail"),IF(J11="","Not done yet",IF(T11="±%",IF(X11="","Check correct answer",IF(ABS(X11)*100<=V11+1E-9,"Pass","Fail")),IF(T11="% range",IF(X11="","Check correct answer",IF(AND(X11*100>=U11-1E-9,X11*100<=V11+1E-9),"Pass","Fail")),IF(T11="±abs",IF(ABS(W11)<=V11+1E-9,"Pass","Fail"),"Check type"))))))))))
A12: S1-006 | B12: A | C12: Map source | D12: Plot 6: app reading matches saved Google reply | E12: Yes/No | F12: Book | G12: Saved Google API reply file | H12: Same as correct answer | J12: Yes | L12: =IF(W12="","",W12) | M12: =IF(O12<>"",O12,Y12) | R12: — | S12: n/a | T12: Exact | W12: =IF(AND(ISNUMBER(I12),ISNUMBER(J12)),I12-J12,"") | X12: =IF(AND(ISNUMBER(I12),ISNUMBER(J12)),IF(J12=0,"",(I12-J12)/ABS(J12)),"") | Y12: =IF(T12="Advisory","No pass mark",IF(T12="Manual","Claude will check",IF(I12="","Not done yet",IF(T12="Exact",IF(AND(ISNUMBER(I12),ISNUMBER(J12)),IF(ROUND(I12,2)=ROUND(J12,2),"Pass","Fail"),IF(TRIM(LOWER(I12&""))=TRIM(LOWER(J12&"")),"Pass","Fail")),IF(T12="Min",IF(I12>=U12-1E-9,"Pass","Fail"),IF(T12="Between",IF(AND(I12>=U12,I12<=V12),"Pass","Fail"),IF(J12="","Not done yet",IF(T12="±%",IF(X12="","Check correct answer",IF(ABS(X12)*100<=V12+1E-9,"Pass","Fail")),IF(T12="% range",IF(X12="","Check correct answer",IF(AND(X12*100>=U12-1E-9,X12*100<=V12+1E-9),"Pass","Fail")),IF(T12="±abs",IF(ABS(W12)<=V12+1E-9,"Pass","Fail"),"Check type"))))))))))
A13: S1-007 | B13: A | C13: Map source | D13: Plot 7: app reading matches saved Google reply | E13: Yes/No | F13: Book | G13: Saved Google API reply file | H13: Same as correct answer | J13: Yes | L13: =IF(W13="","",W13) | M13: =IF(O13<>"",O13,Y13) | R13: — | S13: n/a | T13: Exact | W13: =IF(AND(ISNUMBER(I13),ISNUMBER(J13)),I13-J13,"") | X13: =IF(AND(ISNUMBER(I13),ISNUMBER(J13)),IF(J13=0,"",(I13-J13)/ABS(J13)),"") | Y13: =IF(T13="Advisory","No pass mark",IF(T13="Manual","Claude will check",IF(I13="","Not done yet",IF(T13="Exact",IF(AND(ISNUMBER(I13),ISNUMBER(J13)),IF(ROUND(I13,2)=ROUND(J13,2),"Pass","Fail"),IF(TRIM(LOWER(I13&""))=TRIM(LOWER(J13&"")),"Pass","Fail")),IF(T13="Min",IF(I13>=U13-1E-9,"Pass","Fail"),IF(T13="Between",IF(AND(I13>=U13,I13<=V13),"Pass","Fail"),IF(J13="","Not done yet",IF(T13="±%",IF(X13="","Check correct answer",IF(ABS(X13)*100<=V13+1E-9,"Pass","Fail")),IF(T13="% range",IF(X13="","Check correct answer",IF(AND(X13*100>=U13-1E-9,X13*100<=V13+1E-9),"Pass","Fail")),IF(T13="±abs",IF(ABS(W13)<=V13+1E-9,"Pass","Fail"),"Check type"))))))))))
A14: S1-008 | B14: A | C14: Map source | D14: Plot 8: app reading matches saved Google reply | E14: Yes/No | F14: Book | G14: Saved Google API reply file | H14: Same as correct answer | J14: Yes | L14: =IF(W14="","",W14) | M14: =IF(O14<>"",O14,Y14) | R14: — | S14: n/a | T14: Exact | W14: =IF(AND(ISNUMBER(I14),ISNUMBER(J14)),I14-J14,"") | X14: =IF(AND(ISNUMBER(I14),ISNUMBER(J14)),IF(J14=0,"",(I14-J14)/ABS(J14)),"") | Y14: =IF(T14="Advisory","No pass mark",IF(T14="Manual","Claude will check",IF(I14="","Not done yet",IF(T14="Exact",IF(AND(ISNUMBER(I14),ISNUMBER(J14)),IF(ROUND(I14,2)=ROUND(J14,2),"Pass","Fail"),IF(TRIM(LOWER(I14&""))=TRIM(LOWER(J14&"")),"Pass","Fail")),IF(T14="Min",IF(I14>=U14-1E-9,"Pass","Fail"),IF(T14="Between",IF(AND(I14>=U14,I14<=V14),"Pass","Fail"),IF(J14="","Not done yet",IF(T14="±%",IF(X14="","Check correct answer",IF(ABS(X14)*100<=V14+1E-9,"Pass","Fail")),IF(T14="% range",IF(X14="","Check correct answer",IF(AND(X14*100>=U14-1E-9,X14*100<=V14+1E-9),"Pass","Fail")),IF(T14="±abs",IF(ABS(W14)<=V14+1E-9,"Pass","Fail"),"Check type"))))))))))
A15: S1-009 | B15: A | C15: Map source | D15: Plot 9: app reading matches saved Google reply | E15: Yes/No | F15: Book | G15: Saved Google API reply file | H15: Same as correct answer | J15: Yes | L15: =IF(W15="","",W15) | M15: =IF(O15<>"",O15,Y15) | R15: — | S15: n/a | T15: Exact | W15: =IF(AND(ISNUMBER(I15),ISNUMBER(J15)),I15-J15,"") | X15: =IF(AND(ISNUMBER(I15),ISNUMBER(J15)),IF(J15=0,"",(I15-J15)/ABS(J15)),"") | Y15: =IF(T15="Advisory","No pass mark",IF(T15="Manual","Claude will check",IF(I15="","Not done yet",IF(T15="Exact",IF(AND(ISNUMBER(I15),ISNUMBER(J15)),IF(ROUND(I15,2)=ROUND(J15,2),"Pass","Fail"),IF(TRIM(LOWER(I15&""))=TRIM(LOWER(J15&"")),"Pass","Fail")),IF(T15="Min",IF(I15>=U15-1E-9,"Pass","Fail"),IF(T15="Between",IF(AND(I15>=U15,I15<=V15),"Pass","Fail"),IF(J15="","Not done yet",IF(T15="±%",IF(X15="","Check correct answer",IF(ABS(X15)*100<=V15+1E-9,"Pass","Fail")),IF(T15="% range",IF(X15="","Check correct answer",IF(AND(X15*100>=U15-1E-9,X15*100<=V15+1E-9),"Pass","Fail")),IF(T15="±abs",IF(ABS(W15)<=V15+1E-9,"Pass","Fail"),"Check type"))))))))))
A16: S1-010 | B16: A | C16: Map source | D16: Plot 10: app reading matches saved Google reply | E16: Yes/No | F16: Book | G16: Saved Google API reply file | H16: Same as correct answer | J16: Yes | L16: =IF(W16="","",W16) | M16: =IF(O16<>"",O16,Y16) | R16: — | S16: n/a | T16: Exact | W16: =IF(AND(ISNUMBER(I16),ISNUMBER(J16)),I16-J16,"") | X16: =IF(AND(ISNUMBER(I16),ISNUMBER(J16)),IF(J16=0,"",(I16-J16)/ABS(J16)),"") | Y16: =IF(T16="Advisory","No pass mark",IF(T16="Manual","Claude will check",IF(I16="","Not done yet",IF(T16="Exact",IF(AND(ISNUMBER(I16),ISNUMBER(J16)),IF(ROUND(I16,2)=ROUND(J16,2),"Pass","Fail"),IF(TRIM(LOWER(I16&""))=TRIM(LOWER(J16&"")),"Pass","Fail")),IF(T16="Min",IF(I16>=U16-1E-9,"Pass","Fail"),IF(T16="Between",IF(AND(I16>=U16,I16<=V16),"Pass","Fail"),IF(J16="","Not done yet",IF(T16="±%",IF(X16="","Check correct answer",IF(ABS(X16)*100<=V16+1E-9,"Pass","Fail")),IF(T16="% range",IF(X16="","Check correct answer",IF(AND(X16*100>=U16-1E-9,X16*100<=V16+1E-9),"Pass","Fail")),IF(T16="±abs",IF(ABS(W16)<=V16+1E-9,"Pass","Fail"),"Check type"))))))))))
A17: S1-011 | B17: A | C17: Map source | D17: OpenStreetMap takes over with the API key removed | E17: Yes/No | F17: Book | G17: App run without key | H17: Same as correct answer | J17: Yes | L17: =IF(W17="","",W17) | M17: =IF(O17<>"",O17,Y17) | R17: — | S17: n/a | T17: Exact | W17: =IF(AND(ISNUMBER(I17),ISNUMBER(J17)),I17-J17,"") | X17: =IF(AND(ISNUMBER(I17),ISNUMBER(J17)),IF(J17=0,"",(I17-J17)/ABS(J17)),"") | Y17: =IF(T17="Advisory","No pass mark",IF(T17="Manual","Claude will check",IF(I17="","Not done yet",IF(T17="Exact",IF(AND(ISNUMBER(I17),ISNUMBER(J17)),IF(ROUND(I17,2)=ROUND(J17,2),"Pass","Fail"),IF(TRIM(LOWER(I17&""))=TRIM(LOWER(J17&"")),"Pass","Fail")),IF(T17="Min",IF(I17>=U17-1E-9,"Pass","Fail"),IF(T17="Between",IF(AND(I17>=U17,I17<=V17),"Pass","Fail"),IF(J17="","Not done yet",IF(T17="±%",IF(X17="","Check correct answer",IF(ABS(X17)*100<=V17+1E-9,"Pass","Fail")),IF(T17="% range",IF(X17="","Check correct answer",IF(AND(X17*100>=U17-1E-9,X17*100<=V17+1E-9),"Pass","Fail")),IF(T17="±abs",IF(ABS(W17)<=V17+1E-9,"Pass","Fail"),"Check type"))))))))))
A18: S1-012 | B18: A | C18: Map source | D18: Plot 1: 14 Phase I metrics re-run → Enter metrics passed out of 14; list failed metrics here | E18: metrics passed | F18: Real | G18: Phase I references | H18: Same pass marks as Phase I | M18: =IF(O18<>"",O18,Y18) | R18: Phase I | S18: n/a | T18: Manual | W18: =IF(AND(ISNUMBER(I18),ISNUMBER(J18)),I18-J18,"") | X18: =IF(AND(ISNUMBER(I18),ISNUMBER(J18)),IF(J18=0,"",(I18-J18)/ABS(J18)),"") | Y18: =IF(T18="Advisory","No pass mark",IF(T18="Manual","Claude will check",IF(I18="","Not done yet",IF(T18="Exact",IF(AND(ISNUMBER(I18),ISNUMBER(J18)),IF(ROUND(I18,2)=ROUND(J18,2),"Pass","Fail"),IF(TRIM(LOWER(I18&""))=TRIM(LOWER(J18&"")),"Pass","Fail")),IF(T18="Min",IF(I18>=U18-1E-9,"Pass","Fail"),IF(T18="Between",IF(AND(I18>=U18,I18<=V18),"Pass","Fail"),IF(J18="","Not done yet",IF(T18="±%",IF(X18="","Check correct answer",IF(ABS(X18)*100<=V18+1E-9,"Pass","Fail")),IF(T18="% range",IF(X18="","Check correct answer",IF(AND(X18*100>=U18-1E-9,X18*100<=V18+1E-9),"Pass","Fail")),IF(T18="±abs",IF(ABS(W18)<=V18+1E-9,"Pass","Fail"),"Check type"))))))))))
A19: S1-013 | B19: A | C19: Map source | D19: Plot 2: 14 Phase I metrics re-run → Enter metrics passed out of 14; list failed metrics here | E19: metrics passed | F19: Real | G19: Phase I references | H19: Same pass marks as Phase I | M19: =IF(O19<>"",O19,Y19) | R19: Phase I | S19: n/a | T19: Manual | W19: =IF(AND(ISNUMBER(I19),ISNUMBER(J19)),I19-J19,"") | X19: =IF(AND(ISNUMBER(I19),ISNUMBER(J19)),IF(J19=0,"",(I19-J19)/ABS(J19)),"") | Y19: =IF(T19="Advisory","No pass mark",IF(T19="Manual","Claude will check",IF(I19="","Not done yet",IF(T19="Exact",IF(AND(ISNUMBER(I19),ISNUMBER(J19)),IF(ROUND(I19,2)=ROUND(J19,2),"Pass","Fail"),IF(TRIM(LOWER(I19&""))=TRIM(LOWER(J19&"")),"Pass","Fail")),IF(T19="Min",IF(I19>=U19-1E-9,"Pass","Fail"),IF(T19="Between",IF(AND(I19>=U19,I19<=V19),"Pass","Fail"),IF(J19="","Not done yet",IF(T19="±%",IF(X19="","Check correct answer",IF(ABS(X19)*100<=V19+1E-9,"Pass","Fail")),IF(T19="% range",IF(X19="","Check correct answer",IF(AND(X19*100>=U19-1E-9,X19*100<=V19+1E-9),"Pass","Fail")),IF(T19="±abs",IF(ABS(W19)<=V19+1E-9,"Pass","Fail"),"Check type"))))))))))
A20: S1-014 | B20: A | C20: Map source | D20: Plot 3: 14 Phase I metrics re-run → Enter metrics passed out of 14; list failed metrics here | E20: metrics passed | F20: Real | G20: Phase I references | H20: Same pass marks as Phase I | M20: =IF(O20<>"",O20,Y20) | R20: Phase I | S20: n/a | T20: Manual | W20: =IF(AND(ISNUMBER(I20),ISNUMBER(J20)),I20-J20,"") | X20: =IF(AND(ISNUMBER(I20),ISNUMBER(J20)),IF(J20=0,"",(I20-J20)/ABS(J20)),"") | Y20: =IF(T20="Advisory","No pass mark",IF(T20="Manual","Claude will check",IF(I20="","Not done yet",IF(T20="Exact",IF(AND(ISNUMBER(I20),ISNUMBER(J20)),IF(ROUND(I20,2)=ROUND(J20,2),"Pass","Fail"),IF(TRIM(LOWER(I20&""))=TRIM(LOWER(J20&"")),"Pass","Fail")),IF(T20="Min",IF(I20>=U20-1E-9,"Pass","Fail"),IF(T20="Between",IF(AND(I20>=U20,I20<=V20),"Pass","Fail"),IF(J20="","Not done yet",IF(T20="±%",IF(X20="","Check correct answer",IF(ABS(X20)*100<=V20+1E-9,"Pass","Fail")),IF(T20="% range",IF(X20="","Check correct answer",IF(AND(X20*100>=U20-1E-9,X20*100<=V20+1E-9),"Pass","Fail")),IF(T20="±abs",IF(ABS(W20)<=V20+1E-9,"Pass","Fail"),"Check type"))))))))))
A21: S1-015 | B21: A | C21: Map source | D21: Plot 4: 14 Phase I metrics re-run → Enter metrics passed out of 14; list failed metrics here | E21: metrics passed | F21: Real | G21: Phase I references | H21: Same pass marks as Phase I | M21: =IF(O21<>"",O21,Y21) | R21: Phase I | S21: n/a | T21: Manual | W21: =IF(AND(ISNUMBER(I21),ISNUMBER(J21)),I21-J21,"") | X21: =IF(AND(ISNUMBER(I21),ISNUMBER(J21)),IF(J21=0,"",(I21-J21)/ABS(J21)),"") | Y21: =IF(T21="Advisory","No pass mark",IF(T21="Manual","Claude will check",IF(I21="","Not done yet",IF(T21="Exact",IF(AND(ISNUMBER(I21),ISNUMBER(J21)),IF(ROUND(I21,2)=ROUND(J21,2),"Pass","Fail"),IF(TRIM(LOWER(I21&""))=TRIM(LOWER(J21&"")),"Pass","Fail")),IF(T21="Min",IF(I21>=U21-1E-9,"Pass","Fail"),IF(T21="Between",IF(AND(I21>=U21,I21<=V21),"Pass","Fail"),IF(J21="","Not done yet",IF(T21="±%",IF(X21="","Check correct answer",IF(ABS(X21)*100<=V21+1E-9,"Pass","Fail")),IF(T21="% range",IF(X21="","Check correct answer",IF(AND(X21*100>=U21-1E-9,X21*100<=V21+1E-9),"Pass","Fail")),IF(T21="±abs",IF(ABS(W21)<=V21+1E-9,"Pass","Fail"),"Check type"))))))))))
A22: S1-016 | B22: A | C22: Map source | D22: Plot 5: 14 Phase I metrics re-run → Enter metrics passed out of 14; list failed metrics here | E22: metrics passed | F22: Real | G22: Phase I references | H22: Same pass marks as Phase I | M22: =IF(O22<>"",O22,Y22) | R22: Phase I | S22: n/a | T22: Manual | W22: =IF(AND(ISNUMBER(I22),ISNUMBER(J22)),I22-J22,"") | X22: =IF(AND(ISNUMBER(I22),ISNUMBER(J22)),IF(J22=0,"",(I22-J22)/ABS(J22)),"") | Y22: =IF(T22="Advisory","No pass mark",IF(T22="Manual","Claude will check",IF(I22="","Not done yet",IF(T22="Exact",IF(AND(ISNUMBER(I22),ISNUMBER(J22)),IF(ROUND(I22,2)=ROUND(J22,2),"Pass","Fail"),IF(TRIM(LOWER(I22&""))=TRIM(LOWER(J22&"")),"Pass","Fail")),IF(T22="Min",IF(I22>=U22-1E-9,"Pass","Fail"),IF(T22="Between",IF(AND(I22>=U22,I22<=V22),"Pass","Fail"),IF(J22="","Not done yet",IF(T22="±%",IF(X22="","Check correct answer",IF(ABS(X22)*100<=V22+1E-9,"Pass","Fail")),IF(T22="% range",IF(X22="","Check correct answer",IF(AND(X22*100>=U22-1E-9,X22*100<=V22+1E-9),"Pass","Fail")),IF(T22="±abs",IF(ABS(W22)<=V22+1E-9,"Pass","Fail"),"Check type"))))))))))
A23: S1-017 | B23: A | C23: Map source | D23: Plot 6: 14 Phase I metrics re-run → Enter metrics passed out of 14; list failed metrics here | E23: metrics passed | F23: Real | G23: Phase I references | H23: Same pass marks as Phase I | M23: =IF(O23<>"",O23,Y23) | R23: Phase I | S23: n/a | T23: Manual | W23: =IF(AND(ISNUMBER(I23),ISNUMBER(J23)),I23-J23,"") | X23: =IF(AND(ISNUMBER(I23),ISNUMBER(J23)),IF(J23=0,"",(I23-J23)/ABS(J23)),"") | Y23: =IF(T23="Advisory","No pass mark",IF(T23="Manual","Claude will check",IF(I23="","Not done yet",IF(T23="Exact",IF(AND(ISNUMBER(I23),ISNUMBER(J23)),IF(ROUND(I23,2)=ROUND(J23,2),"Pass","Fail"),IF(TRIM(LOWER(I23&""))=TRIM(LOWER(J23&"")),"Pass","Fail")),IF(T23="Min",IF(I23>=U23-1E-9,"Pass","Fail"),IF(T23="Between",IF(AND(I23>=U23,I23<=V23),"Pass","Fail"),IF(J23="","Not done yet",IF(T23="±%",IF(X23="","Check correct answer",IF(ABS(X23)*100<=V23+1E-9,"Pass","Fail")),IF(T23="% range",IF(X23="","Check correct answer",IF(AND(X23*100>=U23-1E-9,X23*100<=V23+1E-9),"Pass","Fail")),IF(T23="±abs",IF(ABS(W23)<=V23+1E-9,"Pass","Fail"),"Check type"))))))))))
A24: S1-018 | B24: A | C24: Map source | D24: Plot 7: 14 Phase I metrics re-run → Enter metrics passed out of 14; list failed metrics here | E24: metrics passed | F24: Real | G24: Phase I references | H24: Same pass marks as Phase I | M24: =IF(O24<>"",O24,Y24) | R24: Phase I | S24: n/a | T24: Manual | W24: =IF(AND(ISNUMBER(I24),ISNUMBER(J24)),I24-J24,"") | X24: =IF(AND(ISNUMBER(I24),ISNUMBER(J24)),IF(J24=0,"",(I24-J24)/ABS(J24)),"") | Y24: =IF(T24="Advisory","No pass mark",IF(T24="Manual","Claude will check",IF(I24="","Not done yet",IF(T24="Exact",IF(AND(ISNUMBER(I24),ISNUMBER(J24)),IF(ROUND(I24,2)=ROUND(J24,2),"Pass","Fail"),IF(TRIM(LOWER(I24&""))=TRIM(LOWER(J24&"")),"Pass","Fail")),IF(T24="Min",IF(I24>=U24-1E-9,"Pass","Fail"),IF(T24="Between",IF(AND(I24>=U24,I24<=V24),"Pass","Fail"),IF(J24="","Not done yet",IF(T24="±%",IF(X24="","Check correct answer",IF(ABS(X24)*100<=V24+1E-9,"Pass","Fail")),IF(T24="% range",IF(X24="","Check correct answer",IF(AND(X24*100>=U24-1E-9,X24*100<=V24+1E-9),"Pass","Fail")),IF(T24="±abs",IF(ABS(W24)<=V24+1E-9,"Pass","Fail"),"Check type"))))))))))
A25: S1-019 | B25: A | C25: Map source | D25: Plot 8: 14 Phase I metrics re-run → Enter metrics passed out of 14; list failed metrics here | E25: metrics passed | F25: Real | G25: Phase I references | H25: Same pass marks as Phase I | M25: =IF(O25<>"",O25,Y25) | R25: Phase I | S25: n/a | T25: Manual | W25: =IF(AND(ISNUMBER(I25),ISNUMBER(J25)),I25-J25,"") | X25: =IF(AND(ISNUMBER(I25),ISNUMBER(J25)),IF(J25=0,"",(I25-J25)/ABS(J25)),"") | Y25: =IF(T25="Advisory","No pass mark",IF(T25="Manual","Claude will check",IF(I25="","Not done yet",IF(T25="Exact",IF(AND(ISNUMBER(I25),ISNUMBER(J25)),IF(ROUND(I25,2)=ROUND(J25,2),"Pass","Fail"),IF(TRIM(LOWER(I25&""))=TRIM(LOWER(J25&"")),"Pass","Fail")),IF(T25="Min",IF(I25>=U25-1E-9,"Pass","Fail"),IF(T25="Between",IF(AND(I25>=U25,I25<=V25),"Pass","Fail"),IF(J25="","Not done yet",IF(T25="±%",IF(X25="","Check correct answer",IF(ABS(X25)*100<=V25+1E-9,"Pass","Fail")),IF(T25="% range",IF(X25="","Check correct answer",IF(AND(X25*100>=U25-1E-9,X25*100<=V25+1E-9),"Pass","Fail")),IF(T25="±abs",IF(ABS(W25)<=V25+1E-9,"Pass","Fail"),"Check type"))))))))))
A26: S1-020 | B26: A | C26: Map source | D26: Plot 9: 14 Phase I metrics re-run → Enter metrics passed out of 14; list failed metrics here | E26: metrics passed | F26: Real | G26: Phase I references | H26: Same pass marks as Phase I | M26: =IF(O26<>"",O26,Y26) | R26: Phase I | S26: n/a | T26: Manual | W26: =IF(AND(ISNUMBER(I26),ISNUMBER(J26)),I26-J26,"") | X26: =IF(AND(ISNUMBER(I26),ISNUMBER(J26)),IF(J26=0,"",(I26-J26)/ABS(J26)),"") | Y26: =IF(T26="Advisory","No pass mark",IF(T26="Manual","Claude will check",IF(I26="","Not done yet",IF(T26="Exact",IF(AND(ISNUMBER(I26),ISNUMBER(J26)),IF(ROUND(I26,2)=ROUND(J26,2),"Pass","Fail"),IF(TRIM(LOWER(I26&""))=TRIM(LOWER(J26&"")),"Pass","Fail")),IF(T26="Min",IF(I26>=U26-1E-9,"Pass","Fail"),IF(T26="Between",IF(AND(I26>=U26,I26<=V26),"Pass","Fail"),IF(J26="","Not done yet",IF(T26="±%",IF(X26="","Check correct answer",IF(ABS(X26)*100<=V26+1E-9,"Pass","Fail")),IF(T26="% range",IF(X26="","Check correct answer",IF(AND(X26*100>=U26-1E-9,X26*100<=V26+1E-9),"Pass","Fail")),IF(T26="±abs",IF(ABS(W26)<=V26+1E-9,"Pass","Fail"),"Check type"))))))))))
A27: S1-021 | B27: A | C27: Map source | D27: Plot 10: 14 Phase I metrics re-run → Enter metrics passed out of 14; list failed metrics here | E27: metrics passed | F27: Real | G27: Phase I references | H27: Same pass marks as Phase I | M27: =IF(O27<>"",O27,Y27) | R27: Phase I | S27: n/a | T27: Manual | W27: =IF(AND(ISNUMBER(I27),ISNUMBER(J27)),I27-J27,"") | X27: =IF(AND(ISNUMBER(I27),ISNUMBER(J27)),IF(J27=0,"",(I27-J27)/ABS(J27)),"") | Y27: =IF(T27="Advisory","No pass mark",IF(T27="Manual","Claude will check",IF(I27="","Not done yet",IF(T27="Exact",IF(AND(ISNUMBER(I27),ISNUMBER(J27)),IF(ROUND(I27,2)=ROUND(J27,2),"Pass","Fail"),IF(TRIM(LOWER(I27&""))=TRIM(LOWER(J27&"")),"Pass","Fail")),IF(T27="Min",IF(I27>=U27-1E-9,"Pass","Fail"),IF(T27="Between",IF(AND(I27>=U27,I27<=V27),"Pass","Fail"),IF(J27="","Not done yet",IF(T27="±%",IF(X27="","Check correct answer",IF(ABS(X27)*100<=V27+1E-9,"Pass","Fail")),IF(T27="% range",IF(X27="","Check correct answer",IF(AND(X27*100>=U27-1E-9,X27*100<=V27+1E-9),"Pass","Fail")),IF(T27="±abs",IF(ABS(W27)<=V27+1E-9,"Pass","Fail"),"Check type"))))))))))
B28: B's tests (15)
A29: S1-022 | B29: B | C29: Height search | D29: Plot 1: height within road-width cap and FAR | E29: Yes/No | F29: Book | G29: Rule | H29: Same as correct answer | J29: Yes | L29: =IF(W29="","",W29) | M29: =IF(O29<>"",O29,Y29) | R29: Bye-law height and FAR limits | S29: n/a | T29: Exact | W29: =IF(AND(ISNUMBER(I29),ISNUMBER(J29)),I29-J29,"") | X29: =IF(AND(ISNUMBER(I29),ISNUMBER(J29)),IF(J29=0,"",(I29-J29)/ABS(J29)),"") | Y29: =IF(T29="Advisory","No pass mark",IF(T29="Manual","Claude will check",IF(I29="","Not done yet",IF(T29="Exact",IF(AND(ISNUMBER(I29),ISNUMBER(J29)),IF(ROUND(I29,2)=ROUND(J29,2),"Pass","Fail"),IF(TRIM(LOWER(I29&""))=TRIM(LOWER(J29&"")),"Pass","Fail")),IF(T29="Min",IF(I29>=U29-1E-9,"Pass","Fail"),IF(T29="Between",IF(AND(I29>=U29,I29<=V29),"Pass","Fail"),IF(J29="","Not done yet",IF(T29="±%",IF(X29="","Check correct answer",IF(ABS(X29)*100<=V29+1E-9,"Pass","Fail")),IF(T29="% range",IF(X29="","Check correct answer",IF(AND(X29*100>=U29-1E-9,X29*100<=V29+1E-9),"Pass","Fail")),IF(T29="±abs",IF(ABS(W29)<=V29+1E-9,"Pass","Fail"),"Check type"))))))))))
A30: S1-023 | B30: B | C30: Height search | D30: Plot 2: height within road-width cap and FAR | E30: Yes/No | F30: Book | G30: Rule | H30: Same as correct answer | J30: Yes | L30: =IF(W30="","",W30) | M30: =IF(O30<>"",O30,Y30) | R30: Bye-law height and FAR limits | S30: n/a | T30: Exact | W30: =IF(AND(ISNUMBER(I30),ISNUMBER(J30)),I30-J30,"") | X30: =IF(AND(ISNUMBER(I30),ISNUMBER(J30)),IF(J30=0,"",(I30-J30)/ABS(J30)),"") | Y30: =IF(T30="Advisory","No pass mark",IF(T30="Manual","Claude will check",IF(I30="","Not done yet",IF(T30="Exact",IF(AND(ISNUMBER(I30),ISNUMBER(J30)),IF(ROUND(I30,2)=ROUND(J30,2),"Pass","Fail"),IF(TRIM(LOWER(I30&""))=TRIM(LOWER(J30&"")),"Pass","Fail")),IF(T30="Min",IF(I30>=U30-1E-9,"Pass","Fail"),IF(T30="Between",IF(AND(I30>=U30,I30<=V30),"Pass","Fail"),IF(J30="","Not done yet",IF(T30="±%",IF(X30="","Check correct answer",IF(ABS(X30)*100<=V30+1E-9,"Pass","Fail")),IF(T30="% range",IF(X30="","Check correct answer",IF(AND(X30*100>=U30-1E-9,X30*100<=V30+1E-9),"Pass","Fail")),IF(T30="±abs",IF(ABS(W30)<=V30+1E-9,"Pass","Fail"),"Check type"))))))))))
A31: S1-024 | B31: B | C31: Height search | D31: Plot 3: height within road-width cap and FAR | E31: Yes/No | F31: Book | G31: Rule | H31: Same as correct answer | J31: Yes | L31: =IF(W31="","",W31) | M31: =IF(O31<>"",O31,Y31) | R31: Bye-law height and FAR limits | S31: n/a | T31: Exact | W31: =IF(AND(ISNUMBER(I31),ISNUMBER(J31)),I31-J31,"") | X31: =IF(AND(ISNUMBER(I31),ISNUMBER(J31)),IF(J31=0,"",(I31-J31)/ABS(J31)),"") | Y31: =IF(T31="Advisory","No pass mark",IF(T31="Manual","Claude will check",IF(I31="","Not done yet",IF(T31="Exact",IF(AND(ISNUMBER(I31),ISNUMBER(J31)),IF(ROUND(I31,2)=ROUND(J31,2),"Pass","Fail"),IF(TRIM(LOWER(I31&""))=TRIM(LOWER(J31&"")),"Pass","Fail")),IF(T31="Min",IF(I31>=U31-1E-9,"Pass","Fail"),IF(T31="Between",IF(AND(I31>=U31,I31<=V31),"Pass","Fail"),IF(J31="","Not done yet",IF(T31="±%",IF(X31="","Check correct answer",IF(ABS(X31)*100<=V31+1E-9,"Pass","Fail")),IF(T31="% range",IF(X31="","Check correct answer",IF(AND(X31*100>=U31-1E-9,X31*100<=V31+1E-9),"Pass","Fail")),IF(T31="±abs",IF(ABS(W31)<=V31+1E-9,"Pass","Fail"),"Check type"))))))))))
A32: S1-025 | B32: B | C32: Height search | D32: Plot 4: height within road-width cap and FAR | E32: Yes/No | F32: Book | G32: Rule | H32: Same as correct answer | J32: Yes | L32: =IF(W32="","",W32) | M32: =IF(O32<>"",O32,Y32) | R32: Bye-law height and FAR limits | S32: n/a | T32: Exact | W32: =IF(AND(ISNUMBER(I32),ISNUMBER(J32)),I32-J32,"") | X32: =IF(AND(ISNUMBER(I32),ISNUMBER(J32)),IF(J32=0,"",(I32-J32)/ABS(J32)),"") | Y32: =IF(T32="Advisory","No pass mark",IF(T32="Manual","Claude will check",IF(I32="","Not done yet",IF(T32="Exact",IF(AND(ISNUMBER(I32),ISNUMBER(J32)),IF(ROUND(I32,2)=ROUND(J32,2),"Pass","Fail"),IF(TRIM(LOWER(I32&""))=TRIM(LOWER(J32&"")),"Pass","Fail")),IF(T32="Min",IF(I32>=U32-1E-9,"Pass","Fail"),IF(T32="Between",IF(AND(I32>=U32,I32<=V32),"Pass","Fail"),IF(J32="","Not done yet",IF(T32="±%",IF(X32="","Check correct answer",IF(ABS(X32)*100<=V32+1E-9,"Pass","Fail")),IF(T32="% range",IF(X32="","Check correct answer",IF(AND(X32*100>=U32-1E-9,X32*100<=V32+1E-9),"Pass","Fail")),IF(T32="±abs",IF(ABS(W32)<=V32+1E-9,"Pass","Fail"),"Check type"))))))))))
A33: S1-026 | B33: B | C33: Height search | D33: Plot 5: height within road-width cap and FAR | E33: Yes/No | F33: Book | G33: Rule | H33: Same as correct answer | J33: Yes | L33: =IF(W33="","",W33) | M33: =IF(O33<>"",O33,Y33) | R33: Bye-law height and FAR limits | S33: n/a | T33: Exact | W33: =IF(AND(ISNUMBER(I33),ISNUMBER(J33)),I33-J33,"") | X33: =IF(AND(ISNUMBER(I33),ISNUMBER(J33)),IF(J33=0,"",(I33-J33)/ABS(J33)),"") | Y33: =IF(T33="Advisory","No pass mark",IF(T33="Manual","Claude will check",IF(I33="","Not done yet",IF(T33="Exact",IF(AND(ISNUMBER(I33),ISNUMBER(J33)),IF(ROUND(I33,2)=ROUND(J33,2),"Pass","Fail"),IF(TRIM(LOWER(I33&""))=TRIM(LOWER(J33&"")),"Pass","Fail")),IF(T33="Min",IF(I33>=U33-1E-9,"Pass","Fail"),IF(T33="Between",IF(AND(I33>=U33,I33<=V33),"Pass","Fail"),IF(J33="","Not done yet",IF(T33="±%",IF(X33="","Check correct answer",IF(ABS(X33)*100<=V33+1E-9,"Pass","Fail")),IF(T33="% range",IF(X33="","Check correct answer",IF(AND(X33*100>=U33-1E-9,X33*100<=V33+1E-9),"Pass","Fail")),IF(T33="±abs",IF(ABS(W33)<=V33+1E-9,"Pass","Fail"),"Check type"))))))))))
A34: S1-027 | B34: B | C34: Height search | D34: Plot 6: height within road-width cap and FAR | E34: Yes/No | F34: Book | G34: Rule | H34: Same as correct answer | J34: Yes | L34: =IF(W34="","",W34) | M34: =IF(O34<>"",O34,Y34) | R34: Bye-law height and FAR limits | S34: n/a | T34: Exact | W34: =IF(AND(ISNUMBER(I34),ISNUMBER(J34)),I34-J34,"") | X34: =IF(AND(ISNUMBER(I34),ISNUMBER(J34)),IF(J34=0,"",(I34-J34)/ABS(J34)),"") | Y34: =IF(T34="Advisory","No pass mark",IF(T34="Manual","Claude will check",IF(I34="","Not done yet",IF(T34="Exact",IF(AND(ISNUMBER(I34),ISNUMBER(J34)),IF(ROUND(I34,2)=ROUND(J34,2),"Pass","Fail"),IF(TRIM(LOWER(I34&""))=TRIM(LOWER(J34&"")),"Pass","Fail")),IF(T34="Min",IF(I34>=U34-1E-9,"Pass","Fail"),IF(T34="Between",IF(AND(I34>=U34,I34<=V34),"Pass","Fail"),IF(J34="","Not done yet",IF(T34="±%",IF(X34="","Check correct answer",IF(ABS(X34)*100<=V34+1E-9,"Pass","Fail")),IF(T34="% range",IF(X34="","Check correct answer",IF(AND(X34*100>=U34-1E-9,X34*100<=V34+1E-9),"Pass","Fail")),IF(T34="±abs",IF(ABS(W34)<=V34+1E-9,"Pass","Fail"),"Check type"))))))))))
A35: S1-028 | B35: B | C35: Height search | D35: Plot 7: height within road-width cap and FAR | E35: Yes/No | F35: Book | G35: Rule | H35: Same as correct answer | J35: Yes | L35: =IF(W35="","",W35) | M35: =IF(O35<>"",O35,Y35) | R35: Bye-law height and FAR limits | S35: n/a | T35: Exact | W35: =IF(AND(ISNUMBER(I35),ISNUMBER(J35)),I35-J35,"") | X35: =IF(AND(ISNUMBER(I35),ISNUMBER(J35)),IF(J35=0,"",(I35-J35)/ABS(J35)),"") | Y35: =IF(T35="Advisory","No pass mark",IF(T35="Manual","Claude will check",IF(I35="","Not done yet",IF(T35="Exact",IF(AND(ISNUMBER(I35),ISNUMBER(J35)),IF(ROUND(I35,2)=ROUND(J35,2),"Pass","Fail"),IF(TRIM(LOWER(I35&""))=TRIM(LOWER(J35&"")),"Pass","Fail")),IF(T35="Min",IF(I35>=U35-1E-9,"Pass","Fail"),IF(T35="Between",IF(AND(I35>=U35,I35<=V35),"Pass","Fail"),IF(J35="","Not done yet",IF(T35="±%",IF(X35="","Check correct answer",IF(ABS(X35)*100<=V35+1E-9,"Pass","Fail")),IF(T35="% range",IF(X35="","Check correct answer",IF(AND(X35*100>=U35-1E-9,X35*100<=V35+1E-9),"Pass","Fail")),IF(T35="±abs",IF(ABS(W35)<=V35+1E-9,"Pass","Fail"),"Check type"))))))))))
A36: S1-029 | B36: B | C36: Height search | D36: Plot 8: height within road-width cap and FAR | E36: Yes/No | F36: Book | G36: Rule | H36: Same as correct answer | J36: Yes | L36: =IF(W36="","",W36) | M36: =IF(O36<>"",O36,Y36) | R36: Bye-law height and FAR limits | S36: n/a | T36: Exact | W36: =IF(AND(ISNUMBER(I36),ISNUMBER(J36)),I36-J36,"") | X36: =IF(AND(ISNUMBER(I36),ISNUMBER(J36)),IF(J36=0,"",(I36-J36)/ABS(J36)),"") | Y36: =IF(T36="Advisory","No pass mark",IF(T36="Manual","Claude will check",IF(I36="","Not done yet",IF(T36="Exact",IF(AND(ISNUMBER(I36),ISNUMBER(J36)),IF(ROUND(I36,2)=ROUND(J36,2),"Pass","Fail"),IF(TRIM(LOWER(I36&""))=TRIM(LOWER(J36&"")),"Pass","Fail")),IF(T36="Min",IF(I36>=U36-1E-9,"Pass","Fail"),IF(T36="Between",IF(AND(I36>=U36,I36<=V36),"Pass","Fail"),IF(J36="","Not done yet",IF(T36="±%",IF(X36="","Check correct answer",IF(ABS(X36)*100<=V36+1E-9,"Pass","Fail")),IF(T36="% range",IF(X36="","Check correct answer",IF(AND(X36*100>=U36-1E-9,X36*100<=V36+1E-9),"Pass","Fail")),IF(T36="±abs",IF(ABS(W36)<=V36+1E-9,"Pass","Fail"),"Check type"))))))))))
A37: S1-030 | B37: B | C37: Height search | D37: Plot 9: height within road-width cap and FAR | E37: Yes/No | F37: Book | G37: Rule | H37: Same as correct answer | J37: Yes | L37: =IF(W37="","",W37) | M37: =IF(O37<>"",O37,Y37) | R37: Bye-law height and FAR limits | S37: n/a | T37: Exact | W37: =IF(AND(ISNUMBER(I37),ISNUMBER(J37)),I37-J37,"") | X37: =IF(AND(ISNUMBER(I37),ISNUMBER(J37)),IF(J37=0,"",(I37-J37)/ABS(J37)),"") | Y37: =IF(T37="Advisory","No pass mark",IF(T37="Manual","Claude will check",IF(I37="","Not done yet",IF(T37="Exact",IF(AND(ISNUMBER(I37),ISNUMBER(J37)),IF(ROUND(I37,2)=ROUND(J37,2),"Pass","Fail"),IF(TRIM(LOWER(I37&""))=TRIM(LOWER(J37&"")),"Pass","Fail")),IF(T37="Min",IF(I37>=U37-1E-9,"Pass","Fail"),IF(T37="Between",IF(AND(I37>=U37,I37<=V37),"Pass","Fail"),IF(J37="","Not done yet",IF(T37="±%",IF(X37="","Check correct answer",IF(ABS(X37)*100<=V37+1E-9,"Pass","Fail")),IF(T37="% range",IF(X37="","Check correct answer",IF(AND(X37*100>=U37-1E-9,X37*100<=V37+1E-9),"Pass","Fail")),IF(T37="±abs",IF(ABS(W37)<=V37+1E-9,"Pass","Fail"),"Check type"))))))))))
A38: S1-031 | B38: B | C38: Height search | D38: Plot 10: height within road-width cap and FAR | E38: Yes/No | F38: Book | G38: Rule | H38: Same as correct answer | J38: Yes | L38: =IF(W38="","",W38) | M38: =IF(O38<>"",O38,Y38) | R38: Bye-law height and FAR limits | S38: n/a | T38: Exact | W38: =IF(AND(ISNUMBER(I38),ISNUMBER(J38)),I38-J38,"") | X38: =IF(AND(ISNUMBER(I38),ISNUMBER(J38)),IF(J38=0,"",(I38-J38)/ABS(J38)),"") | Y38: =IF(T38="Advisory","No pass mark",IF(T38="Manual","Claude will check",IF(I38="","Not done yet",IF(T38="Exact",IF(AND(ISNUMBER(I38),ISNUMBER(J38)),IF(ROUND(I38,2)=ROUND(J38,2),"Pass","Fail"),IF(TRIM(LOWER(I38&""))=TRIM(LOWER(J38&"")),"Pass","Fail")),IF(T38="Min",IF(I38>=U38-1E-9,"Pass","Fail"),IF(T38="Between",IF(AND(I38>=U38,I38<=V38),"Pass","Fail"),IF(J38="","Not done yet",IF(T38="±%",IF(X38="","Check correct answer",IF(ABS(X38)*100<=V38+1E-9,"Pass","Fail")),IF(T38="% range",IF(X38="","Check correct answer",IF(AND(X38*100>=U38-1E-9,X38*100<=V38+1E-9),"Pass","Fail")),IF(T38="±abs",IF(ABS(W38)<=V38+1E-9,"Pass","Fail"),"Check type"))))))))))
A39: S1-032 | B39: B | C39: Height search | D39: RERA project P1: floors chosen vs sanctioned | E39: floors | F39: Real | G39: Sanctioned plan | H39: Within ±1 floor | L39: =IF(W39="","",W39) | M39: =IF(O39<>"",O39,Y39) | R39: — | S39: n/a | T39: ±abs | V39: 1 | W39: =IF(AND(ISNUMBER(I39),ISNUMBER(J39)),I39-J39,"") | X39: =IF(AND(ISNUMBER(I39),ISNUMBER(J39)),IF(J39=0,"",(I39-J39)/ABS(J39)),"") | Y39: =IF(T39="Advisory","No pass mark",IF(T39="Manual","Claude will check",IF(I39="","Not done yet",IF(T39="Exact",IF(AND(ISNUMBER(I39),ISNUMBER(J39)),IF(ROUND(I39,2)=ROUND(J39,2),"Pass","Fail"),IF(TRIM(LOWER(I39&""))=TRIM(LOWER(J39&"")),"Pass","Fail")),IF(T39="Min",IF(I39>=U39-1E-9,"Pass","Fail"),IF(T39="Between",IF(AND(I39>=U39,I39<=V39),"Pass","Fail"),IF(J39="","Not done yet",IF(T39="±%",IF(X39="","Check correct answer",IF(ABS(X39)*100<=V39+1E-9,"Pass","Fail")),IF(T39="% range",IF(X39="","Check correct answer",IF(AND(X39*100>=U39-1E-9,X39*100<=V39+1E-9),"Pass","Fail")),IF(T39="±abs",IF(ABS(W39)<=V39+1E-9,"Pass","Fail"),"Check type"))))))))))
A40: S1-033 | B40: B | C40: Height search | D40: RERA project P2: floors chosen vs sanctioned | E40: floors | F40: Real | G40: Sanctioned plan | H40: Within ±1 floor | L40: =IF(W40="","",W40) | M40: =IF(O40<>"",O40,Y40) | R40: — | S40: n/a | T40: ±abs | V40: 1 | W40: =IF(AND(ISNUMBER(I40),ISNUMBER(J40)),I40-J40,"") | X40: =IF(AND(ISNUMBER(I40),ISNUMBER(J40)),IF(J40=0,"",(I40-J40)/ABS(J40)),"") | Y40: =IF(T40="Advisory","No pass mark",IF(T40="Manual","Claude will check",IF(I40="","Not done yet",IF(T40="Exact",IF(AND(ISNUMBER(I40),ISNUMBER(J40)),IF(ROUND(I40,2)=ROUND(J40,2),"Pass","Fail"),IF(TRIM(LOWER(I40&""))=TRIM(LOWER(J40&"")),"Pass","Fail")),IF(T40="Min",IF(I40>=U40-1E-9,"Pass","Fail"),IF(T40="Between",IF(AND(I40>=U40,I40<=V40),"Pass","Fail"),IF(J40="","Not done yet",IF(T40="±%",IF(X40="","Check correct answer",IF(ABS(X40)*100<=V40+1E-9,"Pass","Fail")),IF(T40="% range",IF(X40="","Check correct answer",IF(AND(X40*100>=U40-1E-9,X40*100<=V40+1E-9),"Pass","Fail")),IF(T40="±abs",IF(ABS(W40)<=V40+1E-9,"Pass","Fail"),"Check type"))))))))))
A41: S1-034 | B41: B | C41: Height search | D41: RERA project P3: floors chosen vs sanctioned | E41: floors | F41: Real | G41: Sanctioned plan | H41: Within ±1 floor | L41: =IF(W41="","",W41) | M41: =IF(O41<>"",O41,Y41) | R41: — | S41: n/a | T41: ±abs | V41: 1 | W41: =IF(AND(ISNUMBER(I41),ISNUMBER(J41)),I41-J41,"") | X41: =IF(AND(ISNUMBER(I41),ISNUMBER(J41)),IF(J41=0,"",(I41-J41)/ABS(J41)),"") | Y41: =IF(T41="Advisory","No pass mark",IF(T41="Manual","Claude will check",IF(I41="","Not done yet",IF(T41="Exact",IF(AND(ISNUMBER(I41),ISNUMBER(J41)),IF(ROUND(I41,2)=ROUND(J41,2),"Pass","Fail"),IF(TRIM(LOWER(I41&""))=TRIM(LOWER(J41&"")),"Pass","Fail")),IF(T41="Min",IF(I41>=U41-1E-9,"Pass","Fail"),IF(T41="Between",IF(AND(I41>=U41,I41<=V41),"Pass","Fail"),IF(J41="","Not done yet",IF(T41="±%",IF(X41="","Check correct answer",IF(ABS(X41)*100<=V41+1E-9,"Pass","Fail")),IF(T41="% range",IF(X41="","Check correct answer",IF(AND(X41*100>=U41-1E-9,X41*100<=V41+1E-9),"Pass","Fail")),IF(T41="±abs",IF(ABS(W41)<=V41+1E-9,"Pass","Fail"),"Check type"))))))))))
A42: S1-035 | B42: B | C42: Height search | D42: RERA project P4: floors chosen vs sanctioned | E42: floors | F42: Real | G42: Sanctioned plan | H42: Within ±1 floor | L42: =IF(W42="","",W42) | M42: =IF(O42<>"",O42,Y42) | R42: — | S42: n/a | T42: ±abs | V42: 1 | W42: =IF(AND(ISNUMBER(I42),ISNUMBER(J42)),I42-J42,"") | X42: =IF(AND(ISNUMBER(I42),ISNUMBER(J42)),IF(J42=0,"",(I42-J42)/ABS(J42)),"") | Y42: =IF(T42="Advisory","No pass mark",IF(T42="Manual","Claude will check",IF(I42="","Not done yet",IF(T42="Exact",IF(AND(ISNUMBER(I42),ISNUMBER(J42)),IF(ROUND(I42,2)=ROUND(J42,2),"Pass","Fail"),IF(TRIM(LOWER(I42&""))=TRIM(LOWER(J42&"")),"Pass","Fail")),IF(T42="Min",IF(I42>=U42-1E-9,"Pass","Fail"),IF(T42="Between",IF(AND(I42>=U42,I42<=V42),"Pass","Fail"),IF(J42="","Not done yet",IF(T42="±%",IF(X42="","Check correct answer",IF(ABS(X42)*100<=V42+1E-9,"Pass","Fail")),IF(T42="% range",IF(X42="","Check correct answer",IF(AND(X42*100>=U42-1E-9,X42*100<=V42+1E-9),"Pass","Fail")),IF(T42="±abs",IF(ABS(W42)<=V42+1E-9,"Pass","Fail"),"Check type"))))))))))
A43: S1-036 | B43: B | C43: Height search | D43: RERA project P5: floors chosen vs sanctioned | E43: floors | F43: Real | G43: Sanctioned plan | H43: Within ±1 floor | L43: =IF(W43="","",W43) | M43: =IF(O43<>"",O43,Y43) | R43: — | S43: n/a | T43: ±abs | V43: 1 | W43: =IF(AND(ISNUMBER(I43),ISNUMBER(J43)),I43-J43,"") | X43: =IF(AND(ISNUMBER(I43),ISNUMBER(J43)),IF(J43=0,"",(I43-J43)/ABS(J43)),"") | Y43: =IF(T43="Advisory","No pass mark",IF(T43="Manual","Claude will check",IF(I43="","Not done yet",IF(T43="Exact",IF(AND(ISNUMBER(I43),ISNUMBER(J43)),IF(ROUND(I43,2)=ROUND(J43,2),"Pass","Fail"),IF(TRIM(LOWER(I43&""))=TRIM(LOWER(J43&"")),"Pass","Fail")),IF(T43="Min",IF(I43>=U43-1E-9,"Pass","Fail"),IF(T43="Between",IF(AND(I43>=U43,I43<=V43),"Pass","Fail"),IF(J43="","Not done yet",IF(T43="±%",IF(X43="","Check correct answer",IF(ABS(X43)*100<=V43+1E-9,"Pass","Fail")),IF(T43="% range",IF(X43="","Check correct answer",IF(AND(X43*100>=U43-1E-9,X43*100<=V43+1E-9),"Pass","Fail")),IF(T43="±abs",IF(ABS(W43)<=V43+1E-9,"Pass","Fail"),"Check type"))))))))))
B44: C's tests (21)
A45: S1-037 | B45: C | C45: Suitability score | D45: Plot 1: score on run 1 (App) vs run 2 (Reference) | E45: score | F45: Book | G45: Same app, second run | H45: Same as correct answer | L45: =IF(W45="","",W45) | M45: =IF(O45<>"",O45,Y45) | R45: — | S45: n/a | T45: Exact | W45: =IF(AND(ISNUMBER(I45),ISNUMBER(J45)),I45-J45,"") | X45: =IF(AND(ISNUMBER(I45),ISNUMBER(J45)),IF(J45=0,"",(I45-J45)/ABS(J45)),"") | Y45: =IF(T45="Advisory","No pass mark",IF(T45="Manual","Claude will check",IF(I45="","Not done yet",IF(T45="Exact",IF(AND(ISNUMBER(I45),ISNUMBER(J45)),IF(ROUND(I45,2)=ROUND(J45,2),"Pass","Fail"),IF(TRIM(LOWER(I45&""))=TRIM(LOWER(J45&"")),"Pass","Fail")),IF(T45="Min",IF(I45>=U45-1E-9,"Pass","Fail"),IF(T45="Between",IF(AND(I45>=U45,I45<=V45),"Pass","Fail"),IF(J45="","Not done yet",IF(T45="±%",IF(X45="","Check correct answer",IF(ABS(X45)*100<=V45+1E-9,"Pass","Fail")),IF(T45="% range",IF(X45="","Check correct answer",IF(AND(X45*100>=U45-1E-9,X45*100<=V45+1E-9),"Pass","Fail")),IF(T45="±abs",IF(ABS(W45)<=V45+1E-9,"Pass","Fail"),"Check type"))))))))))
A46: S1-038 | B46: C | C46: Suitability score | D46: Plot 2: score on run 1 (App) vs run 2 (Reference) | E46: score | F46: Book | G46: Same app, second run | H46: Same as correct answer | L46: =IF(W46="","",W46) | M46: =IF(O46<>"",O46,Y46) | R46: — | S46: n/a | T46: Exact | W46: =IF(AND(ISNUMBER(I46),ISNUMBER(J46)),I46-J46,"") | X46: =IF(AND(ISNUMBER(I46),ISNUMBER(J46)),IF(J46=0,"",(I46-J46)/ABS(J46)),"") | Y46: =IF(T46="Advisory","No pass mark",IF(T46="Manual","Claude will check",IF(I46="","Not done yet",IF(T46="Exact",IF(AND(ISNUMBER(I46),ISNUMBER(J46)),IF(ROUND(I46,2)=ROUND(J46,2),"Pass","Fail"),IF(TRIM(LOWER(I46&""))=TRIM(LOWER(J46&"")),"Pass","Fail")),IF(T46="Min",IF(I46>=U46-1E-9,"Pass","Fail"),IF(T46="Between",IF(AND(I46>=U46,I46<=V46),"Pass","Fail"),IF(J46="","Not done yet",IF(T46="±%",IF(X46="","Check correct answer",IF(ABS(X46)*100<=V46+1E-9,"Pass","Fail")),IF(T46="% range",IF(X46="","Check correct answer",IF(AND(X46*100>=U46-1E-9,X46*100<=V46+1E-9),"Pass","Fail")),IF(T46="±abs",IF(ABS(W46)<=V46+1E-9,"Pass","Fail"),"Check type"))))))))))
A47: S1-039 | B47: C | C47: Suitability score | D47: Plot 3: score on run 1 (App) vs run 2 (Reference) | E47: score | F47: Book | G47: Same app, second run | H47: Same as correct answer | L47: =IF(W47="","",W47) | M47: =IF(O47<>"",O47,Y47) | R47: — | S47: n/a | T47: Exact | W47: =IF(AND(ISNUMBER(I47),ISNUMBER(J47)),I47-J47,"") | X47: =IF(AND(ISNUMBER(I47),ISNUMBER(J47)),IF(J47=0,"",(I47-J47)/ABS(J47)),"") | Y47: =IF(T47="Advisory","No pass mark",IF(T47="Manual","Claude will check",IF(I47="","Not done yet",IF(T47="Exact",IF(AND(ISNUMBER(I47),ISNUMBER(J47)),IF(ROUND(I47,2)=ROUND(J47,2),"Pass","Fail"),IF(TRIM(LOWER(I47&""))=TRIM(LOWER(J47&"")),"Pass","Fail")),IF(T47="Min",IF(I47>=U47-1E-9,"Pass","Fail"),IF(T47="Between",IF(AND(I47>=U47,I47<=V47),"Pass","Fail"),IF(J47="","Not done yet",IF(T47="±%",IF(X47="","Check correct answer",IF(ABS(X47)*100<=V47+1E-9,"Pass","Fail")),IF(T47="% range",IF(X47="","Check correct answer",IF(AND(X47*100>=U47-1E-9,X47*100<=V47+1E-9),"Pass","Fail")),IF(T47="±abs",IF(ABS(W47)<=V47+1E-9,"Pass","Fail"),"Check type"))))))))))
A48: S1-040 | B48: C | C48: Suitability score | D48: Plot 4: score on run 1 (App) vs run 2 (Reference) | E48: score | F48: Book | G48: Same app, second run | H48: Same as correct answer | L48: =IF(W48="","",W48) | M48: =IF(O48<>"",O48,Y48) | R48: — | S48: n/a | T48: Exact | W48: =IF(AND(ISNUMBER(I48),ISNUMBER(J48)),I48-J48,"") | X48: =IF(AND(ISNUMBER(I48),ISNUMBER(J48)),IF(J48=0,"",(I48-J48)/ABS(J48)),"") | Y48: =IF(T48="Advisory","No pass mark",IF(T48="Manual","Claude will check",IF(I48="","Not done yet",IF(T48="Exact",IF(AND(ISNUMBER(I48),ISNUMBER(J48)),IF(ROUND(I48,2)=ROUND(J48,2),"Pass","Fail"),IF(TRIM(LOWER(I48&""))=TRIM(LOWER(J48&"")),"Pass","Fail")),IF(T48="Min",IF(I48>=U48-1E-9,"Pass","Fail"),IF(T48="Between",IF(AND(I48>=U48,I48<=V48),"Pass","Fail"),IF(J48="","Not done yet",IF(T48="±%",IF(X48="","Check correct answer",IF(ABS(X48)*100<=V48+1E-9,"Pass","Fail")),IF(T48="% range",IF(X48="","Check correct answer",IF(AND(X48*100>=U48-1E-9,X48*100<=V48+1E-9),"Pass","Fail")),IF(T48="±abs",IF(ABS(W48)<=V48+1E-9,"Pass","Fail"),"Check type"))))))))))
A49: S1-041 | B49: C | C49: Suitability score | D49: Plot 5: score on run 1 (App) vs run 2 (Reference) | E49: score | F49: Book | G49: Same app, second run | H49: Same as correct answer | L49: =IF(W49="","",W49) | M49: =IF(O49<>"",O49,Y49) | R49: — | S49: n/a | T49: Exact | W49: =IF(AND(ISNUMBER(I49),ISNUMBER(J49)),I49-J49,"") | X49: =IF(AND(ISNUMBER(I49),ISNUMBER(J49)),IF(J49=0,"",(I49-J49)/ABS(J49)),"") | Y49: =IF(T49="Advisory","No pass mark",IF(T49="Manual","Claude will check",IF(I49="","Not done yet",IF(T49="Exact",IF(AND(ISNUMBER(I49),ISNUMBER(J49)),IF(ROUND(I49,2)=ROUND(J49,2),"Pass","Fail"),IF(TRIM(LOWER(I49&""))=TRIM(LOWER(J49&"")),"Pass","Fail")),IF(T49="Min",IF(I49>=U49-1E-9,"Pass","Fail"),IF(T49="Between",IF(AND(I49>=U49,I49<=V49),"Pass","Fail"),IF(J49="","Not done yet",IF(T49="±%",IF(X49="","Check correct answer",IF(ABS(X49)*100<=V49+1E-9,"Pass","Fail")),IF(T49="% range",IF(X49="","Check correct answer",IF(AND(X49*100>=U49-1E-9,X49*100<=V49+1E-9),"Pass","Fail")),IF(T49="±abs",IF(ABS(W49)<=V49+1E-9,"Pass","Fail"),"Check type"))))))))))
A50: S1-042 | B50: C | C50: Suitability score | D50: Plot 6: score on run 1 (App) vs run 2 (Reference) | E50: score | F50: Book | G50: Same app, second run | H50: Same as correct answer | L50: =IF(W50="","",W50) | M50: =IF(O50<>"",O50,Y50) | R50: — | S50: n/a | T50: Exact | W50: =IF(AND(ISNUMBER(I50),ISNUMBER(J50)),I50-J50,"") | X50: =IF(AND(ISNUMBER(I50),ISNUMBER(J50)),IF(J50=0,"",(I50-J50)/ABS(J50)),"") | Y50: =IF(T50="Advisory","No pass mark",IF(T50="Manual","Claude will check",IF(I50="","Not done yet",IF(T50="Exact",IF(AND(ISNUMBER(I50),ISNUMBER(J50)),IF(ROUND(I50,2)=ROUND(J50,2),"Pass","Fail"),IF(TRIM(LOWER(I50&""))=TRIM(LOWER(J50&"")),"Pass","Fail")),IF(T50="Min",IF(I50>=U50-1E-9,"Pass","Fail"),IF(T50="Between",IF(AND(I50>=U50,I50<=V50),"Pass","Fail"),IF(J50="","Not done yet",IF(T50="±%",IF(X50="","Check correct answer",IF(ABS(X50)*100<=V50+1E-9,"Pass","Fail")),IF(T50="% range",IF(X50="","Check correct answer",IF(AND(X50*100>=U50-1E-9,X50*100<=V50+1E-9),"Pass","Fail")),IF(T50="±abs",IF(ABS(W50)<=V50+1E-9,"Pass","Fail"),"Check type"))))))))))
A51: S1-043 | B51: C | C51: Suitability score | D51: Plot 7: score on run 1 (App) vs run 2 (Reference) | E51: score | F51: Book | G51: Same app, second run | H51: Same as correct answer | L51: =IF(W51="","",W51) | M51: =IF(O51<>"",O51,Y51) | R51: — | S51: n/a | T51: Exact | W51: =IF(AND(ISNUMBER(I51),ISNUMBER(J51)),I51-J51,"") | X51: =IF(AND(ISNUMBER(I51),ISNUMBER(J51)),IF(J51=0,"",(I51-J51)/ABS(J51)),"") | Y51: =IF(T51="Advisory","No pass mark",IF(T51="Manual","Claude will check",IF(I51="","Not done yet",IF(T51="Exact",IF(AND(ISNUMBER(I51),ISNUMBER(J51)),IF(ROUND(I51,2)=ROUND(J51,2),"Pass","Fail"),IF(TRIM(LOWER(I51&""))=TRIM(LOWER(J51&"")),"Pass","Fail")),IF(T51="Min",IF(I51>=U51-1E-9,"Pass","Fail"),IF(T51="Between",IF(AND(I51>=U51,I51<=V51),"Pass","Fail"),IF(J51="","Not done yet",IF(T51="±%",IF(X51="","Check correct answer",IF(ABS(X51)*100<=V51+1E-9,"Pass","Fail")),IF(T51="% range",IF(X51="","Check correct answer",IF(AND(X51*100>=U51-1E-9,X51*100<=V51+1E-9),"Pass","Fail")),IF(T51="±abs",IF(ABS(W51)<=V51+1E-9,"Pass","Fail"),"Check type"))))))))))
A52: S1-044 | B52: C | C52: Suitability score | D52: Plot 8: score on run 1 (App) vs run 2 (Reference) | E52: score | F52: Book | G52: Same app, second run | H52: Same as correct answer | L52: =IF(W52="","",W52) | M52: =IF(O52<>"",O52,Y52) | R52: — | S52: n/a | T52: Exact | W52: =IF(AND(ISNUMBER(I52),ISNUMBER(J52)),I52-J52,"") | X52: =IF(AND(ISNUMBER(I52),ISNUMBER(J52)),IF(J52=0,"",(I52-J52)/ABS(J52)),"") | Y52: =IF(T52="Advisory","No pass mark",IF(T52="Manual","Claude will check",IF(I52="","Not done yet",IF(T52="Exact",IF(AND(ISNUMBER(I52),ISNUMBER(J52)),IF(ROUND(I52,2)=ROUND(J52,2),"Pass","Fail"),IF(TRIM(LOWER(I52&""))=TRIM(LOWER(J52&"")),"Pass","Fail")),IF(T52="Min",IF(I52>=U52-1E-9,"Pass","Fail"),IF(T52="Between",IF(AND(I52>=U52,I52<=V52),"Pass","Fail"),IF(J52="","Not done yet",IF(T52="±%",IF(X52="","Check correct answer",IF(ABS(X52)*100<=V52+1E-9,"Pass","Fail")),IF(T52="% range",IF(X52="","Check correct answer",IF(AND(X52*100>=U52-1E-9,X52*100<=V52+1E-9),"Pass","Fail")),IF(T52="±abs",IF(ABS(W52)<=V52+1E-9,"Pass","Fail"),"Check type"))))))))))
A53: S1-045 | B53: C | C53: Suitability score | D53: Plot 9: score on run 1 (App) vs run 2 (Reference) | E53: score | F53: Book | G53: Same app, second run | H53: Same as correct answer | L53: =IF(W53="","",W53) | M53: =IF(O53<>"",O53,Y53) | R53: — | S53: n/a | T53: Exact | W53: =IF(AND(ISNUMBER(I53),ISNUMBER(J53)),I53-J53,"") | X53: =IF(AND(ISNUMBER(I53),ISNUMBER(J53)),IF(J53=0,"",(I53-J53)/ABS(J53)),"") | Y53: =IF(T53="Advisory","No pass mark",IF(T53="Manual","Claude will check",IF(I53="","Not done yet",IF(T53="Exact",IF(AND(ISNUMBER(I53),ISNUMBER(J53)),IF(ROUND(I53,2)=ROUND(J53,2),"Pass","Fail"),IF(TRIM(LOWER(I53&""))=TRIM(LOWER(J53&"")),"Pass","Fail")),IF(T53="Min",IF(I53>=U53-1E-9,"Pass","Fail"),IF(T53="Between",IF(AND(I53>=U53,I53<=V53),"Pass","Fail"),IF(J53="","Not done yet",IF(T53="±%",IF(X53="","Check correct answer",IF(ABS(X53)*100<=V53+1E-9,"Pass","Fail")),IF(T53="% range",IF(X53="","Check correct answer",IF(AND(X53*100>=U53-1E-9,X53*100<=V53+1E-9),"Pass","Fail")),IF(T53="±abs",IF(ABS(W53)<=V53+1E-9,"Pass","Fail"),"Check type"))))))))))
A54: S1-046 | B54: C | C54: Suitability score | D54: Plot 10: score on run 1 (App) vs run 2 (Reference) | E54: score | F54: Book | G54: Same app, second run | H54: Same as correct answer | L54: =IF(W54="","",W54) | M54: =IF(O54<>"",O54,Y54) | R54: — | S54: n/a | T54: Exact | W54: =IF(AND(ISNUMBER(I54),ISNUMBER(J54)),I54-J54,"") | X54: =IF(AND(ISNUMBER(I54),ISNUMBER(J54)),IF(J54=0,"",(I54-J54)/ABS(J54)),"") | Y54: =IF(T54="Advisory","No pass mark",IF(T54="Manual","Claude will check",IF(I54="","Not done yet",IF(T54="Exact",IF(AND(ISNUMBER(I54),ISNUMBER(J54)),IF(ROUND(I54,2)=ROUND(J54,2),"Pass","Fail"),IF(TRIM(LOWER(I54&""))=TRIM(LOWER(J54&"")),"Pass","Fail")),IF(T54="Min",IF(I54>=U54-1E-9,"Pass","Fail"),IF(T54="Between",IF(AND(I54>=U54,I54<=V54),"Pass","Fail"),IF(J54="","Not done yet",IF(T54="±%",IF(X54="","Check correct answer",IF(ABS(X54)*100<=V54+1E-9,"Pass","Fail")),IF(T54="% range",IF(X54="","Check correct answer",IF(AND(X54*100>=U54-1E-9,X54*100<=V54+1E-9),"Pass","Fail")),IF(T54="±abs",IF(ABS(W54)<=V54+1E-9,"Pass","Fail"),"Check type"))))))))))
A55: S1-047 | B55: C | C55: Suitability score | D55: Spearman ρ, app ranking vs guide's blind ranking (OPTIONAL) | E55: ρ | F55: Real | G55: Project guide's ranking of the 10 plots | H55: At least 0.7 | L55: =IF(W55="","",W55) | M55: =IF(O55<>"",O55,Y55) | R55: — | S55: n/a | T55: Min | U55: 0.7 | W55: =IF(AND(ISNUMBER(I55),ISNUMBER(J55)),I55-J55,"") | X55: =IF(AND(ISNUMBER(I55),ISNUMBER(J55)),IF(J55=0,"",(I55-J55)/ABS(J55)),"") | Y55: =IF(T55="Advisory","No pass mark",IF(T55="Manual","Claude will check",IF(I55="","Not done yet",IF(T55="Exact",IF(AND(ISNUMBER(I55),ISNUMBER(J55)),IF(ROUND(I55,2)=ROUND(J55,2),"Pass","Fail"),IF(TRIM(LOWER(I55&""))=TRIM(LOWER(J55&"")),"Pass","Fail")),IF(T55="Min",IF(I55>=U55-1E-9,"Pass","Fail"),IF(T55="Between",IF(AND(I55>=U55,I55<=V55),"Pass","Fail"),IF(J55="","Not done yet",IF(T55="±%",IF(X55="","Check correct answer",IF(ABS(X55)*100<=V55+1E-9,"Pass","Fail")),IF(T55="% range",IF(X55="","Check correct answer",IF(AND(X55*100>=U55-1E-9,X55*100<=V55+1E-9),"Pass","Fail")),IF(T55="±abs",IF(ABS(W55)<=V55+1E-9,"Pass","Fail"),"Check type"))))))))))
A56: S1-048 | B56: C | C56: Site PDF report | D56: Plot 1: numbers in PDF that differ from the screen | E56: count | F56: Book | G56: App screen | H56: Same as correct answer | J56: 0 | L56: =IF(W56="","",W56) | M56: =IF(O56<>"",O56,Y56) | R56: — | S56: n/a | T56: Exact | W56: =IF(AND(ISNUMBER(I56),ISNUMBER(J56)),I56-J56,"") | X56: =IF(AND(ISNUMBER(I56),ISNUMBER(J56)),IF(J56=0,"",(I56-J56)/ABS(J56)),"") | Y56: =IF(T56="Advisory","No pass mark",IF(T56="Manual","Claude will check",IF(I56="","Not done yet",IF(T56="Exact",IF(AND(ISNUMBER(I56),ISNUMBER(J56)),IF(ROUND(I56,2)=ROUND(J56,2),"Pass","Fail"),IF(TRIM(LOWER(I56&""))=TRIM(LOWER(J56&"")),"Pass","Fail")),IF(T56="Min",IF(I56>=U56-1E-9,"Pass","Fail"),IF(T56="Between",IF(AND(I56>=U56,I56<=V56),"Pass","Fail"),IF(J56="","Not done yet",IF(T56="±%",IF(X56="","Check correct answer",IF(ABS(X56)*100<=V56+1E-9,"Pass","Fail")),IF(T56="% range",IF(X56="","Check correct answer",IF(AND(X56*100>=U56-1E-9,X56*100<=V56+1E-9),"Pass","Fail")),IF(T56="±abs",IF(ABS(W56)<=V56+1E-9,"Pass","Fail"),"Check type"))))))))))
A57: S1-049 | B57: C | C57: Site PDF report | D57: Plot 2: numbers in PDF that differ from the screen | E57: count | F57: Book | G57: App screen | H57: Same as correct answer | J57: 0 | L57: =IF(W57="","",W57) | M57: =IF(O57<>"",O57,Y57) | R57: — | S57: n/a | T57: Exact | W57: =IF(AND(ISNUMBER(I57),ISNUMBER(J57)),I57-J57,"") | X57: =IF(AND(ISNUMBER(I57),ISNUMBER(J57)),IF(J57=0,"",(I57-J57)/ABS(J57)),"") | Y57: =IF(T57="Advisory","No pass mark",IF(T57="Manual","Claude will check",IF(I57="","Not done yet",IF(T57="Exact",IF(AND(ISNUMBER(I57),ISNUMBER(J57)),IF(ROUND(I57,2)=ROUND(J57,2),"Pass","Fail"),IF(TRIM(LOWER(I57&""))=TRIM(LOWER(J57&"")),"Pass","Fail")),IF(T57="Min",IF(I57>=U57-1E-9,"Pass","Fail"),IF(T57="Between",IF(AND(I57>=U57,I57<=V57),"Pass","Fail"),IF(J57="","Not done yet",IF(T57="±%",IF(X57="","Check correct answer",IF(ABS(X57)*100<=V57+1E-9,"Pass","Fail")),IF(T57="% range",IF(X57="","Check correct answer",IF(AND(X57*100>=U57-1E-9,X57*100<=V57+1E-9),"Pass","Fail")),IF(T57="±abs",IF(ABS(W57)<=V57+1E-9,"Pass","Fail"),"Check type"))))))))))
A58: S1-050 | B58: C | C58: Site PDF report | D58: Plot 3: numbers in PDF that differ from the screen | E58: count | F58: Book | G58: App screen | H58: Same as correct answer | J58: 0 | L58: =IF(W58="","",W58) | M58: =IF(O58<>"",O58,Y58) | R58: — | S58: n/a | T58: Exact | W58: =IF(AND(ISNUMBER(I58),ISNUMBER(J58)),I58-J58,"") | X58: =IF(AND(ISNUMBER(I58),ISNUMBER(J58)),IF(J58=0,"",(I58-J58)/ABS(J58)),"") | Y58: =IF(T58="Advisory","No pass mark",IF(T58="Manual","Claude will check",IF(I58="","Not done yet",IF(T58="Exact",IF(AND(ISNUMBER(I58),ISNUMBER(J58)),IF(ROUND(I58,2)=ROUND(J58,2),"Pass","Fail"),IF(TRIM(LOWER(I58&""))=TRIM(LOWER(J58&"")),"Pass","Fail")),IF(T58="Min",IF(I58>=U58-1E-9,"Pass","Fail"),IF(T58="Between",IF(AND(I58>=U58,I58<=V58),"Pass","Fail"),IF(J58="","Not done yet",IF(T58="±%",IF(X58="","Check correct answer",IF(ABS(X58)*100<=V58+1E-9,"Pass","Fail")),IF(T58="% range",IF(X58="","Check correct answer",IF(AND(X58*100>=U58-1E-9,X58*100<=V58+1E-9),"Pass","Fail")),IF(T58="±abs",IF(ABS(W58)<=V58+1E-9,"Pass","Fail"),"Check type"))))))))))
A59: S1-051 | B59: C | C59: Site PDF report | D59: Plot 4: numbers in PDF that differ from the screen | E59: count | F59: Book | G59: App screen | H59: Same as correct answer | J59: 0 | L59: =IF(W59="","",W59) | M59: =IF(O59<>"",O59,Y59) | R59: — | S59: n/a | T59: Exact | W59: =IF(AND(ISNUMBER(I59),ISNUMBER(J59)),I59-J59,"") | X59: =IF(AND(ISNUMBER(I59),ISNUMBER(J59)),IF(J59=0,"",(I59-J59)/ABS(J59)),"") | Y59: =IF(T59="Advisory","No pass mark",IF(T59="Manual","Claude will check",IF(I59="","Not done yet",IF(T59="Exact",IF(AND(ISNUMBER(I59),ISNUMBER(J59)),IF(ROUND(I59,2)=ROUND(J59,2),"Pass","Fail"),IF(TRIM(LOWER(I59&""))=TRIM(LOWER(J59&"")),"Pass","Fail")),IF(T59="Min",IF(I59>=U59-1E-9,"Pass","Fail"),IF(T59="Between",IF(AND(I59>=U59,I59<=V59),"Pass","Fail"),IF(J59="","Not done yet",IF(T59="±%",IF(X59="","Check correct answer",IF(ABS(X59)*100<=V59+1E-9,"Pass","Fail")),IF(T59="% range",IF(X59="","Check correct answer",IF(AND(X59*100>=U59-1E-9,X59*100<=V59+1E-9),"Pass","Fail")),IF(T59="±abs",IF(ABS(W59)<=V59+1E-9,"Pass","Fail"),"Check type"))))))))))
A60: S1-052 | B60: C | C60: Site PDF report | D60: Plot 5: numbers in PDF that differ from the screen | E60: count | F60: Book | G60: App screen | H60: Same as correct answer | J60: 0 | L60: =IF(W60="","",W60) | M60: =IF(O60<>"",O60,Y60) | R60: — | S60: n/a | T60: Exact | W60: =IF(AND(ISNUMBER(I60),ISNUMBER(J60)),I60-J60,"") | X60: =IF(AND(ISNUMBER(I60),ISNUMBER(J60)),IF(J60=0,"",(I60-J60)/ABS(J60)),"") | Y60: =IF(T60="Advisory","No pass mark",IF(T60="Manual","Claude will check",IF(I60="","Not done yet",IF(T60="Exact",IF(AND(ISNUMBER(I60),ISNUMBER(J60)),IF(ROUND(I60,2)=ROUND(J60,2),"Pass","Fail"),IF(TRIM(LOWER(I60&""))=TRIM(LOWER(J60&"")),"Pass","Fail")),IF(T60="Min",IF(I60>=U60-1E-9,"Pass","Fail"),IF(T60="Between",IF(AND(I60>=U60,I60<=V60),"Pass","Fail"),IF(J60="","Not done yet",IF(T60="±%",IF(X60="","Check correct answer",IF(ABS(X60)*100<=V60+1E-9,"Pass","Fail")),IF(T60="% range",IF(X60="","Check correct answer",IF(AND(X60*100>=U60-1E-9,X60*100<=V60+1E-9),"Pass","Fail")),IF(T60="±abs",IF(ABS(W60)<=V60+1E-9,"Pass","Fail"),"Check type"))))))))))
A61: S1-053 | B61: C | C61: Site PDF report | D61: Plot 6: numbers in PDF that differ from the screen | E61: count | F61: Book | G61: App screen | H61: Same as correct answer | J61: 0 | L61: =IF(W61="","",W61) | M61: =IF(O61<>"",O61,Y61) | R61: — | S61: n/a | T61: Exact | W61: =IF(AND(ISNUMBER(I61),ISNUMBER(J61)),I61-J61,"") | X61: =IF(AND(ISNUMBER(I61),ISNUMBER(J61)),IF(J61=0,"",(I61-J61)/ABS(J61)),"") | Y61: =IF(T61="Advisory","No pass mark",IF(T61="Manual","Claude will check",IF(I61="","Not done yet",IF(T61="Exact",IF(AND(ISNUMBER(I61),ISNUMBER(J61)),IF(ROUND(I61,2)=ROUND(J61,2),"Pass","Fail"),IF(TRIM(LOWER(I61&""))=TRIM(LOWER(J61&"")),"Pass","Fail")),IF(T61="Min",IF(I61>=U61-1E-9,"Pass","Fail"),IF(T61="Between",IF(AND(I61>=U61,I61<=V61),"Pass","Fail"),IF(J61="","Not done yet",IF(T61="±%",IF(X61="","Check correct answer",IF(ABS(X61)*100<=V61+1E-9,"Pass","Fail")),IF(T61="% range",IF(X61="","Check correct answer",IF(AND(X61*100>=U61-1E-9,X61*100<=V61+1E-9),"Pass","Fail")),IF(T61="±abs",IF(ABS(W61)<=V61+1E-9,"Pass","Fail"),"Check type"))))))))))
A62: S1-054 | B62: C | C62: Site PDF report | D62: Plot 7: numbers in PDF that differ from the screen | E62: count | F62: Book | G62: App screen | H62: Same as correct answer | J62: 0 | L62: =IF(W62="","",W62) | M62: =IF(O62<>"",O62,Y62) | R62: — | S62: n/a | T62: Exact | W62: =IF(AND(ISNUMBER(I62),ISNUMBER(J62)),I62-J62,"") | X62: =IF(AND(ISNUMBER(I62),ISNUMBER(J62)),IF(J62=0,"",(I62-J62)/ABS(J62)),"") | Y62: =IF(T62="Advisory","No pass mark",IF(T62="Manual","Claude will check",IF(I62="","Not done yet",IF(T62="Exact",IF(AND(ISNUMBER(I62),ISNUMBER(J62)),IF(ROUND(I62,2)=ROUND(J62,2),"Pass","Fail"),IF(TRIM(LOWER(I62&""))=TRIM(LOWER(J62&"")),"Pass","Fail")),IF(T62="Min",IF(I62>=U62-1E-9,"Pass","Fail"),IF(T62="Between",IF(AND(I62>=U62,I62<=V62),"Pass","Fail"),IF(J62="","Not done yet",IF(T62="±%",IF(X62="","Check correct answer",IF(ABS(X62)*100<=V62+1E-9,"Pass","Fail")),IF(T62="% range",IF(X62="","Check correct answer",IF(AND(X62*100>=U62-1E-9,X62*100<=V62+1E-9),"Pass","Fail")),IF(T62="±abs",IF(ABS(W62)<=V62+1E-9,"Pass","Fail"),"Check type"))))))))))
A63: S1-055 | B63: C | C63: Site PDF report | D63: Plot 8: numbers in PDF that differ from the screen | E63: count | F63: Book | G63: App screen | H63: Same as correct answer | J63: 0 | L63: =IF(W63="","",W63) | M63: =IF(O63<>"",O63,Y63) | R63: — | S63: n/a | T63: Exact | W63: =IF(AND(ISNUMBER(I63),ISNUMBER(J63)),I63-J63,"") | X63: =IF(AND(ISNUMBER(I63),ISNUMBER(J63)),IF(J63=0,"",(I63-J63)/ABS(J63)),"") | Y63: =IF(T63="Advisory","No pass mark",IF(T63="Manual","Claude will check",IF(I63="","Not done yet",IF(T63="Exact",IF(AND(ISNUMBER(I63),ISNUMBER(J63)),IF(ROUND(I63,2)=ROUND(J63,2),"Pass","Fail"),IF(TRIM(LOWER(I63&""))=TRIM(LOWER(J63&"")),"Pass","Fail")),IF(T63="Min",IF(I63>=U63-1E-9,"Pass","Fail"),IF(T63="Between",IF(AND(I63>=U63,I63<=V63),"Pass","Fail"),IF(J63="","Not done yet",IF(T63="±%",IF(X63="","Check correct answer",IF(ABS(X63)*100<=V63+1E-9,"Pass","Fail")),IF(T63="% range",IF(X63="","Check correct answer",IF(AND(X63*100>=U63-1E-9,X63*100<=V63+1E-9),"Pass","Fail")),IF(T63="±abs",IF(ABS(W63)<=V63+1E-9,"Pass","Fail"),"Check type"))))))))))
A64: S1-056 | B64: C | C64: Site PDF report | D64: Plot 9: numbers in PDF that differ from the screen | E64: count | F64: Book | G64: App screen | H64: Same as correct answer | J64: 0 | L64: =IF(W64="","",W64) | M64: =IF(O64<>"",O64,Y64) | R64: — | S64: n/a | T64: Exact | W64: =IF(AND(ISNUMBER(I64),ISNUMBER(J64)),I64-J64,"") | X64: =IF(AND(ISNUMBER(I64),ISNUMBER(J64)),IF(J64=0,"",(I64-J64)/ABS(J64)),"") | Y64: =IF(T64="Advisory","No pass mark",IF(T64="Manual","Claude will check",IF(I64="","Not done yet",IF(T64="Exact",IF(AND(ISNUMBER(I64),ISNUMBER(J64)),IF(ROUND(I64,2)=ROUND(J64,2),"Pass","Fail"),IF(TRIM(LOWER(I64&""))=TRIM(LOWER(J64&"")),"Pass","Fail")),IF(T64="Min",IF(I64>=U64-1E-9,"Pass","Fail"),IF(T64="Between",IF(AND(I64>=U64,I64<=V64),"Pass","Fail"),IF(J64="","Not done yet",IF(T64="±%",IF(X64="","Check correct answer",IF(ABS(X64)*100<=V64+1E-9,"Pass","Fail")),IF(T64="% range",IF(X64="","Check correct answer",IF(AND(X64*100>=U64-1E-9,X64*100<=V64+1E-9),"Pass","Fail")),IF(T64="±abs",IF(ABS(W64)<=V64+1E-9,"Pass","Fail"),"Check type"))))))))))
A65: S1-057 | B65: C | C65: Site PDF report | D65: Plot 10: numbers in PDF that differ from the screen | E65: count | F65: Book | G65: App screen | H65: Same as correct answer | J65: 0 | L65: =IF(W65="","",W65) | M65: =IF(O65<>"",O65,Y65) | R65: — | S65: n/a | T65: Exact | W65: =IF(AND(ISNUMBER(I65),ISNUMBER(J65)),I65-J65,"") | X65: =IF(AND(ISNUMBER(I65),ISNUMBER(J65)),IF(J65=0,"",(I65-J65)/ABS(J65)),"") | Y65: =IF(T65="Advisory","No pass mark",IF(T65="Manual","Claude will check",IF(I65="","Not done yet",IF(T65="Exact",IF(AND(ISNUMBER(I65),ISNUMBER(J65)),IF(ROUND(I65,2)=ROUND(J65,2),"Pass","Fail"),IF(TRIM(LOWER(I65&""))=TRIM(LOWER(J65&"")),"Pass","Fail")),IF(T65="Min",IF(I65>=U65-1E-9,"Pass","Fail"),IF(T65="Between",IF(AND(I65>=U65,I65<=V65),"Pass","Fail"),IF(J65="","Not done yet",IF(T65="±%",IF(X65="","Check correct answer",IF(ABS(X65)*100<=V65+1E-9,"Pass","Fail")),IF(T65="% range",IF(X65="","Check correct answer",IF(AND(X65*100>=U65-1E-9,X65*100<=V65+1E-9),"Pass","Fail")),IF(T65="±abs",IF(ABS(W65)<=V65+1E-9,"Pass","Fail"),"Check type"))))))))))

Sheet Stage 2
A1: Stage 2 Design (weeks 3 to 4)
A2: HOW TO FILL: 1) Find your letter. 2) Run the test in the app and type its answer in App answer. 3) Type the correct answer from the book or RERA in Correct answer (some are already filled). 4) Write where you got it. 5) Result fills itself. Don't change grey cells.
A4: Yellow = you fill · Grey = fixed plan, don't change · Blue = Claude fills · Click + above column R to see technical details
A5: # | B5: Who | C5: Topic | D5: What to test | E5: Unit | F5: Type | G5: Compare with | H5: Pass if | I5: App answer | J5: Correct answer | K5: Where you got it (book + page, or RERA no.) | L5: Off by | M5: Result | N5: Notes | O5: Claude: override | P5: Claude: first-run result | Q5: Claude: why it failed | R5: Code / clause | S5: Edition | T5: Tol type | U5: Tol low | V5: Tol high | W5: Difference | X5: Error % | Y5: Auto result
B6: A's tests (57)
A7: S2-001 | B7: A | C7: Areas | D7: Hand unit U1: carpet area | E7: m² | F7: Book | G7: Unit drawn by hand with known areas | H7: Within 2% of correct answer | L7: =IF(X7="","",X7) | M7: =IF(O7<>"",O7,Y7) | R7: RERA Act 2016 Sec. 2(k) (carpet) | S7: n/a | T7: ±% | V7: 2 | W7: =IF(AND(ISNUMBER(I7),ISNUMBER(J7)),I7-J7,"") | X7: =IF(AND(ISNUMBER(I7),ISNUMBER(J7)),IF(J7=0,"",(I7-J7)/ABS(J7)),"") | Y7: =IF(T7="Advisory","No pass mark",IF(T7="Manual","Claude will check",IF(I7="","Not done yet",IF(T7="Exact",IF(AND(ISNUMBER(I7),ISNUMBER(J7)),IF(ROUND(I7,2)=ROUND(J7,2),"Pass","Fail"),IF(TRIM(LOWER(I7&""))=TRIM(LOWER(J7&"")),"Pass","Fail")),IF(T7="Min",IF(I7>=U7-1E-9,"Pass","Fail"),IF(T7="Between",IF(AND(I7>=U7,I7<=V7),"Pass","Fail"),IF(J7="","Not done yet",IF(T7="±%",IF(X7="","Check correct answer",IF(ABS(X7)*100<=V7+1E-9,"Pass","Fail")),IF(T7="% range",IF(X7="","Check correct answer",IF(AND(X7*100>=U7-1E-9,X7*100<=V7+1E-9),"Pass","Fail")),IF(T7="±abs",IF(ABS(W7)<=V7+1E-9,"Pass","Fail"),"Check type"))))))))))
A8: S2-002 | B8: A | C8: Areas | D8: Hand unit U1: built-up area | E8: m² | F8: Book | G8: Unit drawn by hand with known areas | H8: Within 2% of correct answer | L8: =IF(X8="","",X8) | M8: =IF(O8<>"",O8,Y8) | R8: RERA Act 2016 Sec. 2(k) (carpet) | S8: n/a | T8: ±% | V8: 2 | W8: =IF(AND(ISNUMBER(I8),ISNUMBER(J8)),I8-J8,"") | X8: =IF(AND(ISNUMBER(I8),ISNUMBER(J8)),IF(J8=0,"",(I8-J8)/ABS(J8)),"") | Y8: =IF(T8="Advisory","No pass mark",IF(T8="Manual","Claude will check",IF(I8="","Not done yet",IF(T8="Exact",IF(AND(ISNUMBER(I8),ISNUMBER(J8)),IF(ROUND(I8,2)=ROUND(J8,2),"Pass","Fail"),IF(TRIM(LOWER(I8&""))=TRIM(LOWER(J8&"")),"Pass","Fail")),IF(T8="Min",IF(I8>=U8-1E-9,"Pass","Fail"),IF(T8="Between",IF(AND(I8>=U8,I8<=V8),"Pass","Fail"),IF(J8="","Not done yet",IF(T8="±%",IF(X8="","Check correct answer",IF(ABS(X8)*100<=V8+1E-9,"Pass","Fail")),IF(T8="% range",IF(X8="","Check correct answer",IF(AND(X8*100>=U8-1E-9,X8*100<=V8+1E-9),"Pass","Fail")),IF(T8="±abs",IF(ABS(W8)<=V8+1E-9,"Pass","Fail"),"Check type"))))))))))
A9: S2-003 | B9: A | C9: Areas | D9: Hand unit U1: super built-up area | E9: m² | F9: Book | G9: Unit drawn by hand with known areas | H9: Within 2% of correct answer | L9: =IF(X9="","",X9) | M9: =IF(O9<>"",O9,Y9) | R9: RERA Act 2016 Sec. 2(k) (carpet) | S9: n/a | T9: ±% | V9: 2 | W9: =IF(AND(ISNUMBER(I9),ISNUMBER(J9)),I9-J9,"") | X9: =IF(AND(ISNUMBER(I9),ISNUMBER(J9)),IF(J9=0,"",(I9-J9)/ABS(J9)),"") | Y9: =IF(T9="Advisory","No pass mark",IF(T9="Manual","Claude will check",IF(I9="","Not done yet",IF(T9="Exact",IF(AND(ISNUMBER(I9),ISNUMBER(J9)),IF(ROUND(I9,2)=ROUND(J9,2),"Pass","Fail"),IF(TRIM(LOWER(I9&""))=TRIM(LOWER(J9&"")),"Pass","Fail")),IF(T9="Min",IF(I9>=U9-1E-9,"Pass","Fail"),IF(T9="Between",IF(AND(I9>=U9,I9<=V9),"Pass","Fail"),IF(J9="","Not done yet",IF(T9="±%",IF(X9="","Check correct answer",IF(ABS(X9)*100<=V9+1E-9,"Pass","Fail")),IF(T9="% range",IF(X9="","Check correct answer",IF(AND(X9*100>=U9-1E-9,X9*100<=V9+1E-9),"Pass","Fail")),IF(T9="±abs",IF(ABS(W9)<=V9+1E-9,"Pass","Fail"),"Check type"))))))))))
A10: S2-004 | B10: A | C10: Areas | D10: Hand unit U2: carpet area | E10: m² | F10: Book | G10: Unit drawn by hand with known areas | H10: Within 2% of correct answer | L10: =IF(X10="","",X10) | M10: =IF(O10<>"",O10,Y10) | R10: RERA Act 2016 Sec. 2(k) (carpet) | S10: n/a | T10: ±% | V10: 2 | W10: =IF(AND(ISNUMBER(I10),ISNUMBER(J10)),I10-J10,"") | X10: =IF(AND(ISNUMBER(I10),ISNUMBER(J10)),IF(J10=0,"",(I10-J10)/ABS(J10)),"") | Y10: =IF(T10="Advisory","No pass mark",IF(T10="Manual","Claude will check",IF(I10="","Not done yet",IF(T10="Exact",IF(AND(ISNUMBER(I10),ISNUMBER(J10)),IF(ROUND(I10,2)=ROUND(J10,2),"Pass","Fail"),IF(TRIM(LOWER(I10&""))=TRIM(LOWER(J10&"")),"Pass","Fail")),IF(T10="Min",IF(I10>=U10-1E-9,"Pass","Fail"),IF(T10="Between",IF(AND(I10>=U10,I10<=V10),"Pass","Fail"),IF(J10="","Not done yet",IF(T10="±%",IF(X10="","Check correct answer",IF(ABS(X10)*100<=V10+1E-9,"Pass","Fail")),IF(T10="% range",IF(X10="","Check correct answer",IF(AND(X10*100>=U10-1E-9,X10*100<=V10+1E-9),"Pass","Fail")),IF(T10="±abs",IF(ABS(W10)<=V10+1E-9,"Pass","Fail"),"Check type"))))))))))
A11: S2-005 | B11: A | C11: Areas | D11: Hand unit U2: built-up area | E11: m² | F11: Book | G11: Unit drawn by hand with known areas | H11: Within 2% of correct answer | L11: =IF(X11="","",X11) | M11: =IF(O11<>"",O11,Y11) | R11: RERA Act 2016 Sec. 2(k) (carpet) | S11: n/a | T11: ±% | V11: 2 | W11: =IF(AND(ISNUMBER(I11),ISNUMBER(J11)),I11-J11,"") | X11: =IF(AND(ISNUMBER(I11),ISNUMBER(J11)),IF(J11=0,"",(I11-J11)/ABS(J11)),"") | Y11: =IF(T11="Advisory","No pass mark",IF(T11="Manual","Claude will check",IF(I11="","Not done yet",IF(T11="Exact",IF(AND(ISNUMBER(I11),ISNUMBER(J11)),IF(ROUND(I11,2)=ROUND(J11,2),"Pass","Fail"),IF(TRIM(LOWER(I11&""))=TRIM(LOWER(J11&"")),"Pass","Fail")),IF(T11="Min",IF(I11>=U11-1E-9,"Pass","Fail"),IF(T11="Between",IF(AND(I11>=U11,I11<=V11),"Pass","Fail"),IF(J11="","Not done yet",IF(T11="±%",IF(X11="","Check correct answer",IF(ABS(X11)*100<=V11+1E-9,"Pass","Fail")),IF(T11="% range",IF(X11="","Check correct answer",IF(AND(X11*100>=U11-1E-9,X11*100<=V11+1E-9),"Pass","Fail")),IF(T11="±abs",IF(ABS(W11)<=V11+1E-9,"Pass","Fail"),"Check type"))))))))))
A12: S2-006 | B12: A | C12: Areas | D12: Hand unit U2: super built-up area | E12: m² | F12: Book | G12: Unit drawn by hand with known areas | H12: Within 2% of correct answer | L12: =IF(X12="","",X12) | M12: =IF(O12<>"",O12,Y12) | R12: RERA Act 2016 Sec. 2(k) (carpet) | S12: n/a | T12: ±% | V12: 2 | W12: =IF(AND(ISNUMBER(I12),ISNUMBER(J12)),I12-J12,"") | X12: =IF(AND(ISNUMBER(I12),ISNUMBER(J12)),IF(J12=0,"",(I12-J12)/ABS(J12)),"") | Y12: =IF(T12="Advisory","No pass mark",IF(T12="Manual","Claude will check",IF(I12="","Not done yet",IF(T12="Exact",IF(AND(ISNUMBER(I12),ISNUMBER(J12)),IF(ROUND(I12,2)=ROUND(J12,2),"Pass","Fail"),IF(TRIM(LOWER(I12&""))=TRIM(LOWER(J12&"")),"Pass","Fail")),IF(T12="Min",IF(I12>=U12-1E-9,"Pass","Fail"),IF(T12="Between",IF(AND(I12>=U12,I12<=V12),"Pass","Fail"),IF(J12="","Not done yet",IF(T12="±%",IF(X12="","Check correct answer",IF(ABS(X12)*100<=V12+1E-9,"Pass","Fail")),IF(T12="% range",IF(X12="","Check correct answer",IF(AND(X12*100>=U12-1E-9,X12*100<=V12+1E-9),"Pass","Fail")),IF(T12="±abs",IF(ABS(W12)<=V12+1E-9,"Pass","Fail"),"Check type"))))))))))
A13: S2-007 | B13: A | C13: Areas | D13: Hand unit U3: carpet area | E13: m² | F13: Book | G13: Unit drawn by hand with known areas | H13: Within 2% of correct answer | L13: =IF(X13="","",X13) | M13: =IF(O13<>"",O13,Y13) | R13: RERA Act 2016 Sec. 2(k) (carpet) | S13: n/a | T13: ±% | V13: 2 | W13: =IF(AND(ISNUMBER(I13),ISNUMBER(J13)),I13-J13,"") | X13: =IF(AND(ISNUMBER(I13),ISNUMBER(J13)),IF(J13=0,"",(I13-J13)/ABS(J13)),"") | Y13: =IF(T13="Advisory","No pass mark",IF(T13="Manual","Claude will check",IF(I13="","Not done yet",IF(T13="Exact",IF(AND(ISNUMBER(I13),ISNUMBER(J13)),IF(ROUND(I13,2)=ROUND(J13,2),"Pass","Fail"),IF(TRIM(LOWER(I13&""))=TRIM(LOWER(J13&"")),"Pass","Fail")),IF(T13="Min",IF(I13>=U13-1E-9,"Pass","Fail"),IF(T13="Between",IF(AND(I13>=U13,I13<=V13),"Pass","Fail"),IF(J13="","Not done yet",IF(T13="±%",IF(X13="","Check correct answer",IF(ABS(X13)*100<=V13+1E-9,"Pass","Fail")),IF(T13="% range",IF(X13="","Check correct answer",IF(AND(X13*100>=U13-1E-9,X13*100<=V13+1E-9),"Pass","Fail")),IF(T13="±abs",IF(ABS(W13)<=V13+1E-9,"Pass","Fail"),"Check type"))))))))))
A14: S2-008 | B14: A | C14: Areas | D14: Hand unit U3: built-up area | E14: m² | F14: Book | G14: Unit drawn by hand with known areas | H14: Within 2% of correct answer | L14: =IF(X14="","",X14) | M14: =IF(O14<>"",O14,Y14) | R14: RERA Act 2016 Sec. 2(k) (carpet) | S14: n/a | T14: ±% | V14: 2 | W14: =IF(AND(ISNUMBER(I14),ISNUMBER(J14)),I14-J14,"") | X14: =IF(AND(ISNUMBER(I14),ISNUMBER(J14)),IF(J14=0,"",(I14-J14)/ABS(J14)),"") | Y14: =IF(T14="Advisory","No pass mark",IF(T14="Manual","Claude will check",IF(I14="","Not done yet",IF(T14="Exact",IF(AND(ISNUMBER(I14),ISNUMBER(J14)),IF(ROUND(I14,2)=ROUND(J14,2),"Pass","Fail"),IF(TRIM(LOWER(I14&""))=TRIM(LOWER(J14&"")),"Pass","Fail")),IF(T14="Min",IF(I14>=U14-1E-9,"Pass","Fail"),IF(T14="Between",IF(AND(I14>=U14,I14<=V14),"Pass","Fail"),IF(J14="","Not done yet",IF(T14="±%",IF(X14="","Check correct answer",IF(ABS(X14)*100<=V14+1E-9,"Pass","Fail")),IF(T14="% range",IF(X14="","Check correct answer",IF(AND(X14*100>=U14-1E-9,X14*100<=V14+1E-9),"Pass","Fail")),IF(T14="±abs",IF(ABS(W14)<=V14+1E-9,"Pass","Fail"),"Check type"))))))))))
A15: S2-009 | B15: A | C15: Areas | D15: Hand unit U3: super built-up area | E15: m² | F15: Book | G15: Unit drawn by hand with known areas | H15: Within 2% of correct answer | L15: =IF(X15="","",X15) | M15: =IF(O15<>"",O15,Y15) | R15: RERA Act 2016 Sec. 2(k) (carpet) | S15: n/a | T15: ±% | V15: 2 | W15: =IF(AND(ISNUMBER(I15),ISNUMBER(J15)),I15-J15,"") | X15: =IF(AND(ISNUMBER(I15),ISNUMBER(J15)),IF(J15=0,"",(I15-J15)/ABS(J15)),"") | Y15: =IF(T15="Advisory","No pass mark",IF(T15="Manual","Claude will check",IF(I15="","Not done yet",IF(T15="Exact",IF(AND(ISNUMBER(I15),ISNUMBER(J15)),IF(ROUND(I15,2)=ROUND(J15,2),"Pass","Fail"),IF(TRIM(LOWER(I15&""))=TRIM(LOWER(J15&"")),"Pass","Fail")),IF(T15="Min",IF(I15>=U15-1E-9,"Pass","Fail"),IF(T15="Between",IF(AND(I15>=U15,I15<=V15),"Pass","Fail"),IF(J15="","Not done yet",IF(T15="±%",IF(X15="","Check correct answer",IF(ABS(X15)*100<=V15+1E-9,"Pass","Fail")),IF(T15="% range",IF(X15="","Check correct answer",IF(AND(X15*100>=U15-1E-9,X15*100<=V15+1E-9),"Pass","Fail")),IF(T15="±abs",IF(ABS(W15)<=V15+1E-9,"Pass","Fail"),"Check type"))))))))))
A16: S2-010 | B16: A | C16: Areas | D16: Hand unit U4: carpet area | E16: m² | F16: Book | G16: Unit drawn by hand with known areas | H16: Within 2% of correct answer | L16: =IF(X16="","",X16) | M16: =IF(O16<>"",O16,Y16) | R16: RERA Act 2016 Sec. 2(k) (carpet) | S16: n/a | T16: ±% | V16: 2 | W16: =IF(AND(ISNUMBER(I16),ISNUMBER(J16)),I16-J16,"") | X16: =IF(AND(ISNUMBER(I16),ISNUMBER(J16)),IF(J16=0,"",(I16-J16)/ABS(J16)),"") | Y16: =IF(T16="Advisory","No pass mark",IF(T16="Manual","Claude will check",IF(I16="","Not done yet",IF(T16="Exact",IF(AND(ISNUMBER(I16),ISNUMBER(J16)),IF(ROUND(I16,2)=ROUND(J16,2),"Pass","Fail"),IF(TRIM(LOWER(I16&""))=TRIM(LOWER(J16&"")),"Pass","Fail")),IF(T16="Min",IF(I16>=U16-1E-9,"Pass","Fail"),IF(T16="Between",IF(AND(I16>=U16,I16<=V16),"Pass","Fail"),IF(J16="","Not done yet",IF(T16="±%",IF(X16="","Check correct answer",IF(ABS(X16)*100<=V16+1E-9,"Pass","Fail")),IF(T16="% range",IF(X16="","Check correct answer",IF(AND(X16*100>=U16-1E-9,X16*100<=V16+1E-9),"Pass","Fail")),IF(T16="±abs",IF(ABS(W16)<=V16+1E-9,"Pass","Fail"),"Check type"))))))))))
A17: S2-011 | B17: A | C17: Areas | D17: Hand unit U4: built-up area | E17: m² | F17: Book | G17: Unit drawn by hand with known areas | H17: Within 2% of correct answer | L17: =IF(X17="","",X17) | M17: =IF(O17<>"",O17,Y17) | R17: RERA Act 2016 Sec. 2(k) (carpet) | S17: n/a | T17: ±% | V17: 2 | W17: =IF(AND(ISNUMBER(I17),ISNUMBER(J17)),I17-J17,"") | X17: =IF(AND(ISNUMBER(I17),ISNUMBER(J17)),IF(J17=0,"",(I17-J17)/ABS(J17)),"") | Y17: =IF(T17="Advisory","No pass mark",IF(T17="Manual","Claude will check",IF(I17="","Not done yet",IF(T17="Exact",IF(AND(ISNUMBER(I17),ISNUMBER(J17)),IF(ROUND(I17,2)=ROUND(J17,2),"Pass","Fail"),IF(TRIM(LOWER(I17&""))=TRIM(LOWER(J17&"")),"Pass","Fail")),IF(T17="Min",IF(I17>=U17-1E-9,"Pass","Fail"),IF(T17="Between",IF(AND(I17>=U17,I17<=V17),"Pass","Fail"),IF(J17="","Not done yet",IF(T17="±%",IF(X17="","Check correct answer",IF(ABS(X17)*100<=V17+1E-9,"Pass","Fail")),IF(T17="% range",IF(X17="","Check correct answer",IF(AND(X17*100>=U17-1E-9,X17*100<=V17+1E-9),"Pass","Fail")),IF(T17="±abs",IF(ABS(W17)<=V17+1E-9,"Pass","Fail"),"Check type"))))))))))
A18: S2-012 | B18: A | C18: Areas | D18: Hand unit U4: super built-up area | E18: m² | F18: Book | G18: Unit drawn by hand with known areas | H18: Within 2% of correct answer | L18: =IF(X18="","",X18) | M18: =IF(O18<>"",O18,Y18) | R18: RERA Act 2016 Sec. 2(k) (carpet) | S18: n/a | T18: ±% | V18: 2 | W18: =IF(AND(ISNUMBER(I18),ISNUMBER(J18)),I18-J18,"") | X18: =IF(AND(ISNUMBER(I18),ISNUMBER(J18)),IF(J18=0,"",(I18-J18)/ABS(J18)),"") | Y18: =IF(T18="Advisory","No pass mark",IF(T18="Manual","Claude will check",IF(I18="","Not done yet",IF(T18="Exact",IF(AND(ISNUMBER(I18),ISNUMBER(J18)),IF(ROUND(I18,2)=ROUND(J18,2),"Pass","Fail"),IF(TRIM(LOWER(I18&""))=TRIM(LOWER(J18&"")),"Pass","Fail")),IF(T18="Min",IF(I18>=U18-1E-9,"Pass","Fail"),IF(T18="Between",IF(AND(I18>=U18,I18<=V18),"Pass","Fail"),IF(J18="","Not done yet",IF(T18="±%",IF(X18="","Check correct answer",IF(ABS(X18)*100<=V18+1E-9,"Pass","Fail")),IF(T18="% range",IF(X18="","Check correct answer",IF(AND(X18*100>=U18-1E-9,X18*100<=V18+1E-9),"Pass","Fail")),IF(T18="±abs",IF(ABS(W18)<=V18+1E-9,"Pass","Fail"),"Check type"))))))))))
... A36: S2-030 | B36: A | C36: Areas | D36: Hand unit U10: super built-up area | E36: m² | F36: Book | G36: Unit drawn by hand with known areas | H36: Within 2% of correct answer | L36: =IF(X36="","",X36) | M36: =IF(O36<>"",O36,Y36) | R36: RERA Act 2016 Sec. 2(k) (carpet) | S36: n/a | T36: ±% | V36: 2 | W36: =IF(AND(ISNUMBER(I36),ISNUMBER(J36)),I36-J36,"") | X36: =IF(AND(ISNUMBER(I36),ISNUMBER(J36)),IF(J36=0,"",(I36-J36)/ABS(J36)),"") | Y36: =IF(T36="Advisory","No pass mark",IF(T36="Manual","Claude will check",IF(I36="","Not done yet",IF(T36="Exact",IF(AND(ISNUMBER(I36),ISNUMBER(J36)),IF(ROUND(I36,2)=ROUND(J36,2),"Pass","Fail"),IF(TRIM(LOWER(I36&""))=TRIM(LOWER(J36&"")),"Pass","Fail")),IF(T36="Min",IF(I36>=U36-1E-9,"Pass","Fail"),IF(T36="Between",IF(AND(I36>=U36,I36<=V36),"Pass","Fail"),IF(J36="","Not done yet",IF(T36="±%",IF(X36="","Check correct answer",IF(ABS(X36)*100<=V36+1E-9,"Pass","Fail")),IF(T36="% range",IF(X36="","Check correct answer",IF(AND(X36*100>=U36-1E-9,X36*100<=V36+1E-9),"Pass","Fail")),IF(T36="±abs",IF(ABS(W36)<=V36+1E-9,"Pass","Fail"),"Check type"))))))))))
A37: S2-031 | B37: A | C37: Areas | D37: Carpet ≤ built-up ≤ super built-up for every unit | E37: Yes/No | F37: Book | G37: Rule | H37: Same as correct answer | J37: Yes | L37: =IF(W37="","",W37) | M37: =IF(O37<>"",O37,Y37) | R37: — | S37: n/a | T37: Exact | W37: =IF(AND(ISNUMBER(I37),ISNUMBER(J37)),I37-J37,"") | X37: =IF(AND(ISNUMBER(I37),ISNUMBER(J37)),IF(J37=0,"",(I37-J37)/ABS(J37)),"") | Y37: =IF(T37="Advisory","No pass mark",IF(T37="Manual","Claude will check",IF(I37="","Not done yet",IF(T37="Exact",IF(AND(ISNUMBER(I37),ISNUMBER(J37)),IF(ROUND(I37,2)=ROUND(J37,2),"Pass","Fail"),IF(TRIM(LOWER(I37&""))=TRIM(LOWER(J37&"")),"Pass","Fail")),IF(T37="Min",IF(I37>=U37-1E-9,"Pass","Fail"),IF(T37="Between",IF(AND(I37>=U37,I37<=V37),"Pass","Fail"),IF(J37="","Not done yet",IF(T37="±%",IF(X37="","Check correct answer",IF(ABS(X37)*100<=V37+1E-9,"Pass","Fail")),IF(T37="% range",IF(X37="","Check correct answer",IF(AND(X37*100>=U37-1E-9,X37*100<=V37+1E-9),"Pass","Fail")),IF(T37="±abs",IF(ABS(W37)<=V37+1E-9,"Pass","Fail"),"Check type"))))))))))
A38: S2-032 | B38: A | C38: Areas | D38: RERA project P1: carpet area of a unit type → Copy this row once per unit type | E38: m² | F38: Real | G38: RERA carpet area, traced in LibreCAD | H38: Within 2% of correct answer | L38: =IF(X38="","",X38) | M38: =IF(O38<>"",O38,Y38) | R38: — | S38: n/a | T38: ±% | V38: 2 | W38: =IF(AND(ISNUMBER(I38),ISNUMBER(J38)),I38-J38,"") | X38: =IF(AND(ISNUMBER(I38),ISNUMBER(J38)),IF(J38=0,"",(I38-J38)/ABS(J38)),"") | Y38: =IF(T38="Advisory","No pass mark",IF(T38="Manual","Claude will check",IF(I38="","Not done yet",IF(T38="Exact",IF(AND(ISNUMBER(I38),ISNUMBER(J38)),IF(ROUND(I38,2)=ROUND(J38,2),"Pass","Fail"),IF(TRIM(LOWER(I38&""))=TRIM(LOWER(J38&"")),"Pass","Fail")),IF(T38="Min",IF(I38>=U38-1E-9,"Pass","Fail"),IF(T38="Between",IF(AND(I38>=U38,I38<=V38),"Pass","Fail"),IF(J38="","Not done yet",IF(T38="±%",IF(X38="","Check correct answer",IF(ABS(X38)*100<=V38+1E-9,"Pass","Fail")),IF(T38="% range",IF(X38="","Check correct answer",IF(AND(X38*100>=U38-1E-9,X38*100<=V38+1E-9),"Pass","Fail")),IF(T38="±abs",IF(ABS(W38)<=V38+1E-9,"Pass","Fail"),"Check type"))))))))))
A39: S2-033 | B39: A | C39: Areas | D39: RERA project P2: carpet area of a unit type → Copy this row once per unit type | E39: m² | F39: Real | G39: RERA carpet area, traced in LibreCAD | H39: Within 2% of correct answer | L39: =IF(X39="","",X39) | M39: =IF(O39<>"",O39,Y39) | R39: — | S39: n/a | T39: ±% | V39: 2 | W39: =IF(AND(ISNUMBER(I39),ISNUMBER(J39)),I39-J39,"") | X39: =IF(AND(ISNUMBER(I39),ISNUMBER(J39)),IF(J39=0,"",(I39-J39)/ABS(J39)),"") | Y39: =IF(T39="Advisory","No pass mark",IF(T39="Manual","Claude will check",IF(I39="","Not done yet",IF(T39="Exact",IF(AND(ISNUMBER(I39),ISNUMBER(J39)),IF(ROUND(I39,2)=ROUND(J39,2),"Pass","Fail"),IF(TRIM(LOWER(I39&""))=TRIM(LOWER(J39&"")),"Pass","Fail")),IF(T39="Min",IF(I39>=U39-1E-9,"Pass","Fail"),IF(T39="Between",IF(AND(I39>=U39,I39<=V39),"Pass","Fail"),IF(J39="","Not done yet",IF(T39="±%",IF(X39="","Check correct answer",IF(ABS(X39)*100<=V39+1E-9,"Pass","Fail")),IF(T39="% range",IF(X39="","Check correct answer",IF(AND(X39*100>=U39-1E-9,X39*100<=V39+1E-9),"Pass","Fail")),IF(T39="±abs",IF(ABS(W39)<=V39+1E-9,"Pass","Fail"),"Check type"))))))))))
A40: S2-034 | B40: A | C40: Areas | D40: RERA project P3: carpet area of a unit type → Copy this row once per unit type | E40: m² | F40: Real | G40: RERA carpet area, traced in LibreCAD | H40: Within 2% of correct answer | L40: =IF(X40="","",X40) | M40: =IF(O40<>"",O40,Y40) | R40: — | S40: n/a | T40: ±% | V40: 2 | W40: =IF(AND(ISNUMBER(I40),ISNUMBER(J40)),I40-J40,"") | X40: =IF(AND(ISNUMBER(I40),ISNUMBER(J40)),IF(J40=0,"",(I40-J40)/ABS(J40)),"") | Y40: =IF(T40="Advisory","No pass mark",IF(T40="Manual","Claude will check",IF(I40="","Not done yet",IF(T40="Exact",IF(AND(ISNUMBER(I40),ISNUMBER(J40)),IF(ROUND(I40,2)=ROUND(J40,2),"Pass","Fail"),IF(TRIM(LOWER(I40&""))=TRIM(LOWER(J40&"")),"Pass","Fail")),IF(T40="Min",IF(I40>=U40-1E-9,"Pass","Fail"),IF(T40="Between",IF(AND(I40>=U40,I40<=V40),"Pass","Fail"),IF(J40="","Not done yet",IF(T40="±%",IF(X40="","Check correct answer",IF(ABS(X40)*100<=V40+1E-9,"Pass","Fail")),IF(T40="% range",IF(X40="","Check correct answer",IF(AND(X40*100>=U40-1E-9,X40*100<=V40+1E-9),"Pass","Fail")),IF(T40="±abs",IF(ABS(W40)<=V40+1E-9,"Pass","Fail"),"Check type"))))))))))
A41: S2-035 | B41: A | C41: Areas | D41: RERA project P4: carpet area of a unit type → Copy this row once per unit type | E41: m² | F41: Real | G41: RERA carpet area, traced in LibreCAD | H41: Within 2% of correct answer | L41: =IF(X41="","",X41) | M41: =IF(O41<>"",O41,Y41) | R41: — | S41: n/a | T41: ±% | V41: 2 | W41: =IF(AND(ISNUMBER(I41),ISNUMBER(J41)),I41-J41,"") | X41: =IF(AND(ISNUMBER(I41),ISNUMBER(J41)),IF(J41=0,"",(I41-J41)/ABS(J41)),"") | Y41: =IF(T41="Advisory","No pass mark",IF(T41="Manual","Claude will check",IF(I41="","Not done yet",IF(T41="Exact",IF(AND(ISNUMBER(I41),ISNUMBER(J41)),IF(ROUND(I41,2)=ROUND(J41,2),"Pass","Fail"),IF(TRIM(LOWER(I41&""))=TRIM(LOWER(J41&"")),"Pass","Fail")),IF(T41="Min",IF(I41>=U41-1E-9,"Pass","Fail"),IF(T41="Between",IF(AND(I41>=U41,I41<=V41),"Pass","Fail"),IF(J41="","Not done yet",IF(T41="±%",IF(X41="","Check correct answer",IF(ABS(X41)*100<=V41+1E-9,"Pass","Fail")),IF(T41="% range",IF(X41="","Check correct answer",IF(AND(X41*100>=U41-1E-9,X41*100<=V41+1E-9),"Pass","Fail")),IF(T41="±abs",IF(ABS(W41)<=V41+1E-9,"Pass","Fail"),"Check type"))))))))))
A42: S2-036 | B42: A | C42: Areas | D42: RERA project P5: carpet area of a unit type → Copy this row once per unit type | E42: m² | F42: Real | G42: RERA carpet area, traced in LibreCAD | H42: Within 2% of correct answer | L42: =IF(X42="","",X42) | M42: =IF(O42<>"",O42,Y42) | R42: — | S42: n/a | T42: ±% | V42: 2 | W42: =IF(AND(ISNUMBER(I42),ISNUMBER(J42)),I42-J42,"") | X42: =IF(AND(ISNUMBER(I42),ISNUMBER(J42)),IF(J42=0,"",(I42-J42)/ABS(J42)),"") | Y42: =IF(T42="Advisory","No pass mark",IF(T42="Manual","Claude will check",IF(I42="","Not done yet",IF(T42="Exact",IF(AND(ISNUMBER(I42),ISNUMBER(J42)),IF(ROUND(I42,2)=ROUND(J42,2),"Pass","Fail"),IF(TRIM(LOWER(I42&""))=TRIM(LOWER(J42&"")),"Pass","Fail")),IF(T42="Min",IF(I42>=U42-1E-9,"Pass","Fail"),IF(T42="Between",IF(AND(I42>=U42,I42<=V42),"Pass","Fail"),IF(J42="","Not done yet",IF(T42="±%",IF(X42="","Check correct answer",IF(ABS(X42)*100<=V42+1E-9,"Pass","Fail")),IF(T42="% range",IF(X42="","Check correct answer",IF(AND(X42*100>=U42-1E-9,X42*100<=V42+1E-9),"Pass","Fail")),IF(T42="±abs",IF(ABS(W42)<=V42+1E-9,"Pass","Fail"),"Check type"))))))))))
A43: S2-037 | B43: A | C43: FAR and coverage | D43: Test plot T1: FAR and coverage verdict → Write which side of the limit this plot sits | E43: Pass/Fail | F43: Book | G43: Plot built at, just below or just above the limit | H43: Same as correct answer | L43: =IF(W43="","",W43) | M43: =IF(O43<>"",O43,Y43) | R43: Karnataka zoning (RMP-2015) | S43: RMP-2015 | T43: Exact | W43: =IF(AND(ISNUMBER(I43),ISNUMBER(J43)),I43-J43,"") | X43: =IF(AND(ISNUMBER(I43),ISNUMBER(J43)),IF(J43=0,"",(I43-J43)/ABS(J43)),"") | Y43: =IF(T43="Advisory","No pass mark",IF(T43="Manual","Claude will check",IF(I43="","Not done yet",IF(T43="Exact",IF(AND(ISNUMBER(I43),ISNUMBER(J43)),IF(ROUND(I43,2)=ROUND(J43,2),"Pass","Fail"),IF(TRIM(LOWER(I43&""))=TRIM(LOWER(J43&"")),"Pass","Fail")),IF(T43="Min",IF(I43>=U43-1E-9,"Pass","Fail"),IF(T43="Between",IF(AND(I43>=U43,I43<=V43),"Pass","Fail"),IF(J43="","Not done yet",IF(T43="±%",IF(X43="","Check correct answer",IF(ABS(X43)*100<=V43+1E-9,"Pass","Fail")),IF(T43="% range",IF(X43="","Check correct answer",IF(AND(X43*100>=U43-1E-9,X43*100<=V43+1E-9),"Pass","Fail")),IF(T43="±abs",IF(ABS(W43)<=V43+1E-9,"Pass","Fail"),"Check type"))))))))))
A44: S2-038 | B44: A | C44: FAR and coverage | D44: Test plot T2: FAR and coverage verdict → Write which side of the limit this plot sits | E44: Pass/Fail | F44: Book | G44: Plot built at, just below or just above the limit | H44: Same as correct answer | L44: =IF(W44="","",W44) | M44: =IF(O44<>"",O44,Y44) | R44: Karnataka zoning (RMP-2015) | S44: RMP-2015 | T44: Exact | W44: =IF(AND(ISNUMBER(I44),ISNUMBER(J44)),I44-J44,"") | X44: =IF(AND(ISNUMBER(I44),ISNUMBER(J44)),IF(J44=0,"",(I44-J44)/ABS(J44)),"") | Y44: =IF(T44="Advisory","No pass mark",IF(T44="Manual","Claude will check",IF(I44="","Not done yet",IF(T44="Exact",IF(AND(ISNUMBER(I44),ISNUMBER(J44)),IF(ROUND(I44,2)=ROUND(J44,2),"Pass","Fail"),IF(TRIM(LOWER(I44&""))=TRIM(LOWER(J44&"")),"Pass","Fail")),IF(T44="Min",IF(I44>=U44-1E-9,"Pass","Fail"),IF(T44="Between",IF(AND(I44>=U44,I44<=V44),"Pass","Fail"),IF(J44="","Not done yet",IF(T44="±%",IF(X44="","Check correct answer",IF(ABS(X44)*100<=V44+1E-9,"Pass","Fail")),IF(T44="% range",IF(X44="","Check correct answer",IF(AND(X44*100>=U44-1E-9,X44*100<=V44+1E-9),"Pass","Fail")),IF(T44="±abs",IF(ABS(W44)<=V44+1E-9,"Pass","Fail"),"Check type"))))))))))
A45: S2-039 | B45: A | C45: FAR and coverage | D45: Test plot T3: FAR and coverage verdict → Write which side of the limit this plot sits | E45: Pass/Fail | F45: Book | G45: Plot built at, just below or just above the limit | H45: Same as correct answer | L45: =IF(W45="","",W45) | M45: =IF(O45<>"",O45,Y45) | R45: Karnataka zoning (RMP-2015) | S45: RMP-2015 | T45: Exact | W45: =IF(AND(ISNUMBER(I45),ISNUMBER(J45)),I45-J45,"") | X45: =IF(AND(ISNUMBER(I45),ISNUMBER(J45)),IF(J45=0,"",(I45-J45)/ABS(J45)),"") | Y45: =IF(T45="Advisory","No pass mark",IF(T45="Manual","Claude will check",IF(I45="","Not done yet",IF(T45="Exact",IF(AND(ISNUMBER(I45),ISNUMBER(J45)),IF(ROUND(I45,2)=ROUND(J45,2),"Pass","Fail"),IF(TRIM(LOWER(I45&""))=TRIM(LOWER(J45&"")),"Pass","Fail")),IF(T45="Min",IF(I45>=U45-1E-9,"Pass","Fail"),IF(T45="Between",IF(AND(I45>=U45,I45<=V45),"Pass","Fail"),IF(J45="","Not done yet",IF(T45="±%",IF(X45="","Check correct answer",IF(ABS(X45)*100<=V45+1E-9,"Pass","Fail")),IF(T45="% range",IF(X45="","Check correct answer",IF(AND(X45*100>=U45-1E-9,X45*100<=V45+1E-9),"Pass","Fail")),IF(T45="±abs",IF(ABS(W45)<=V45+1E-9,"Pass","Fail"),"Check type"))))))))))
A46: S2-040 | B46: A | C46: FAR and coverage | D46: Test plot T4: FAR and coverage verdict → Write which side of the limit this plot sits | E46: Pass/Fail | F46: Book | G46: Plot built at, just below or just above the limit | H46: Same as correct answer | L46: =IF(W46="","",W46) | M46: =IF(O46<>"",O46,Y46) | R46: Karnataka zoning (RMP-2015) | S46: RMP-2015 | T46: Exact | W46: =IF(AND(ISNUMBER(I46),ISNUMBER(J46)),I46-J46,"") | X46: =IF(AND(ISNUMBER(I46),ISNUMBER(J46)),IF(J46=0,"",(I46-J46)/ABS(J46)),"") | Y46: =IF(T46="Advisory","No pass mark",IF(T46="Manual","Claude will check",IF(I46="","Not done yet",IF(T46="Exact",IF(AND(ISNUMBER(I46),ISNUMBER(J46)),IF(ROUND(I46,2)=ROUND(J46,2),"Pass","Fail"),IF(TRIM(LOWER(I46&""))=TRIM(LOWER(J46&"")),"Pass","Fail")),IF(T46="Min",IF(I46>=U46-1E-9,"Pass","Fail"),IF(T46="Between",IF(AND(I46>=U46,I46<=V46),"Pass","Fail"),IF(J46="","Not done yet",IF(T46="±%",IF(X46="","Check correct answer",IF(ABS(X46)*100<=V46+1E-9,"Pass","Fail")),IF(T46="% range",IF(X46="","Check correct answer",IF(AND(X46*100>=U46-1E-9,X46*100<=V46+1E-9),"Pass","Fail")),IF(T46="±abs",IF(ABS(W46)<=V46+1E-9,"Pass","Fail"),"Check type"))))))))))
A47: S2-041 | B47: A | C47: FAR and coverage | D47: Test plot T5: FAR and coverage verdict → Write which side of the limit this plot sits | E47: Pass/Fail | F47: Book | G47: Plot built at, just below or just above the limit | H47: Same as correct answer | L47: =IF(W47="","",W47) | M47: =IF(O47<>"",O47,Y47) | R47: Karnataka zoning (RMP-2015) | S47: RMP-2015 | T47: Exact | W47: =IF(AND(ISNUMBER(I47),ISNUMBER(J47)),I47-J47,"") | X47: =IF(AND(ISNUMBER(I47),ISNUMBER(J47)),IF(J47=0,"",(I47-J47)/ABS(J47)),"") | Y47: =IF(T47="Advisory","No pass mark",IF(T47="Manual","Claude will check",IF(I47="","Not done yet",IF(T47="Exact",IF(AND(ISNUMBER(I47),ISNUMBER(J47)),IF(ROUND(I47,2)=ROUND(J47,2),"Pass","Fail"),IF(TRIM(LOWER(I47&""))=TRIM(LOWER(J47&"")),"Pass","Fail")),IF(T47="Min",IF(I47>=U47-1E-9,"Pass","Fail"),IF(T47="Between",IF(AND(I47>=U47,I47<=V47),"Pass","Fail"),IF(J47="","Not done yet",IF(T47="±%",IF(X47="","Check correct answer",IF(ABS(X47)*100<=V47+1E-9,"Pass","Fail")),IF(T47="% range",IF(X47="","Check correct answer",IF(AND(X47*100>=U47-1E-9,X47*100<=V47+1E-9),"Pass","Fail")),IF(T47="±abs",IF(ABS(W47)<=V47+1E-9,"Pass","Fail"),"Check type"))))))))))
A48: S2-042 | B48: A | C48: FAR and coverage | D48: Test plot T6: FAR and coverage verdict → Write which side of the limit this plot sits | E48: Pass/Fail | F48: Book | G48: Plot built at, just below or just above the limit | H48: Same as correct answer | L48: =IF(W48="","",W48) | M48: =IF(O48<>"",O48,Y48) | R48: Karnataka zoning (RMP-2015) | S48: RMP-2015 | T48: Exact | W48: =IF(AND(ISNUMBER(I48),ISNUMBER(J48)),I48-J48,"") | X48: =IF(AND(ISNUMBER(I48),ISNUMBER(J48)),IF(J48=0,"",(I48-J48)/ABS(J48)),"") | Y48: =IF(T48="Advisory","No pass mark",IF(T48="Manual","Claude will check",IF(I48="","Not done yet",IF(T48="Exact",IF(AND(ISNUMBER(I48),ISNUMBER(J48)),IF(ROUND(I48,2)=ROUND(J48,2),"Pass","Fail"),IF(TRIM(LOWER(I48&""))=TRIM(LOWER(J48&"")),"Pass","Fail")),IF(T48="Min",IF(I48>=U48-1E-9,"Pass","Fail"),IF(T48="Between",IF(AND(I48>=U48,I48<=V48),"Pass","Fail"),IF(J48="","Not done yet",IF(T48="±%",IF(X48="","Check correct answer",IF(ABS(X48)*100<=V48+1E-9,"Pass","Fail")),IF(T48="% range",IF(X48="","Check correct answer",IF(AND(X48*100>=U48-1E-9,X48*100<=V48+1E-9),"Pass","Fail")),IF(T48="±abs",IF(ABS(W48)<=V48+1E-9,"Pass","Fail"),"Check type"))))))))))
A49: S2-043 | B49: A | C49: FAR and coverage | D49: Test plot T7: FAR and coverage verdict → Write which side of the limit this plot sits | E49: Pass/Fail | F49: Book | G49: Plot built at, just below or just above the limit | H49: Same as correct answer | L49: =IF(W49="","",W49) | M49: =IF(O49<>"",O49,Y49) | R49: Karnataka zoning (RMP-2015) | S49: RMP-2015 | T49: Exact | W49: =IF(AND(ISNUMBER(I49),ISNUMBER(J49)),I49-J49,"") | X49: =IF(AND(ISNUMBER(I49),ISNUMBER(J49)),IF(J49=0,"",(I49-J49)/ABS(J49)),"") | Y49: =IF(T49="Advisory","No pass mark",IF(T49="Manual","Claude will check",IF(I49="","Not done yet",IF(T49="Exact",IF(AND(ISNUMBER(I49),ISNUMBER(J49)),IF(ROUND(I49,2)=ROUND(J49,2),"Pass","Fail"),IF(TRIM(LOWER(I49&""))=TRIM(LOWER(J49&"")),"Pass","Fail")),IF(T49="Min",IF(I49>=U49-1E-9,"Pass","Fail"),IF(T49="Between",IF(AND(I49>=U49,I49<=V49),"Pass","Fail"),IF(J49="","Not done yet",IF(T49="±%",IF(X49="","Check correct answer",IF(ABS(X49)*100<=V49+1E-9,"Pass","Fail")),IF(T49="% range",IF(X49="","Check correct answer",IF(AND(X49*100>=U49-1E-9,X49*100<=V49+1E-9),"Pass","Fail")),IF(T49="±abs",IF(ABS(W49)<=V49+1E-9,"Pass","Fail"),"Check type"))))))))))
A50: S2-044 | B50: A | C50: FAR and coverage | D50: Test plot T8: FAR and coverage verdict → Write which side of the limit this plot sits | E50: Pass/Fail | F50: Book | G50: Plot built at, just below or just above the limit | H50: Same as correct answer | L50: =IF(W50="","",W50) | M50: =IF(O50<>"",O50,Y50) | R50: Karnataka zoning (RMP-2015) | S50: RMP-2015 | T50: Exact | W50: =IF(AND(ISNUMBER(I50),ISNUMBER(J50)),I50-J50,"") | X50: =IF(AND(ISNUMBER(I50),ISNUMBER(J50)),IF(J50=0,"",(I50-J50)/ABS(J50)),"") | Y50: =IF(T50="Advisory","No pass mark",IF(T50="Manual","Claude will check",IF(I50="","Not done yet",IF(T50="Exact",IF(AND(ISNUMBER(I50),ISNUMBER(J50)),IF(ROUND(I50,2)=ROUND(J50,2),"Pass","Fail"),IF(TRIM(LOWER(I50&""))=TRIM(LOWER(J50&"")),"Pass","Fail")),IF(T50="Min",IF(I50>=U50-1E-9,"Pass","Fail"),IF(T50="Between",IF(AND(I50>=U50,I50<=V50),"Pass","Fail"),IF(J50="","Not done yet",IF(T50="±%",IF(X50="","Check correct answer",IF(ABS(X50)*100<=V50+1E-9,"Pass","Fail")),IF(T50="% range",IF(X50="","Check correct answer",IF(AND(X50*100>=U50-1E-9,X50*100<=V50+1E-9),"Pass","Fail")),IF(T50="±abs",IF(ABS(W50)<=V50+1E-9,"Pass","Fail"),"Check type"))))))))))
A51: S2-045 | B51: A | C51: FAR and coverage | D51: Test plot T9: FAR and coverage verdict → Write which side of the limit this plot sits | E51: Pass/Fail | F51: Book | G51: Plot built at, just below or just above the limit | H51: Same as correct answer | L51: =IF(W51="","",W51) | M51: =IF(O51<>"",O51,Y51) | R51: Karnataka zoning (RMP-2015) | S51: RMP-2015 | T51: Exact | W51: =IF(AND(ISNUMBER(I51),ISNUMBER(J51)),I51-J51,"") | X51: =IF(AND(ISNUMBER(I51),ISNUMBER(J51)),IF(J51=0,"",(I51-J51)/ABS(J51)),"") | Y51: =IF(T51="Advisory","No pass mark",IF(T51="Manual","Claude will check",IF(I51="","Not done yet",IF(T51="Exact",IF(AND(ISNUMBER(I51),ISNUMBER(J51)),IF(ROUND(I51,2)=ROUND(J51,2),"Pass","Fail"),IF(TRIM(LOWER(I51&""))=TRIM(LOWER(J51&"")),"Pass","Fail")),IF(T51="Min",IF(I51>=U51-1E-9,"Pass","Fail"),IF(T51="Between",IF(AND(I51>=U51,I51<=V51),"Pass","Fail"),IF(J51="","Not done yet",IF(T51="±%",IF(X51="","Check correct answer",IF(ABS(X51)*100<=V51+1E-9,"Pass","Fail")),IF(T51="% range",IF(X51="","Check correct answer",IF(AND(X51*100>=U51-1E-9,X51*100<=V51+1E-9),"Pass","Fail")),IF(T51="±abs",IF(ABS(W51)<=V51+1E-9,"Pass","Fail"),"Check type"))))))))))
A52: S2-046 | B52: A | C52: FAR and coverage | D52: Test plot T10: FAR and coverage verdict → Write which side of the limit this plot sits | E52: Pass/Fail | F52: Book | G52: Plot built at, just below or just above the limit | H52: Same as correct answer | L52: =IF(W52="","",W52) | M52: =IF(O52<>"",O52,Y52) | R52: Karnataka zoning (RMP-2015) | S52: RMP-2015 | T52: Exact | W52: =IF(AND(ISNUMBER(I52),ISNUMBER(J52)),I52-J52,"") | X52: =IF(AND(ISNUMBER(I52),ISNUMBER(J52)),IF(J52=0,"",(I52-J52)/ABS(J52)),"") | Y52: =IF(T52="Advisory","No pass mark",IF(T52="Manual","Claude will check",IF(I52="","Not done yet",IF(T52="Exact",IF(AND(ISNUMBER(I52),ISNUMBER(J52)),IF(ROUND(I52,2)=ROUND(J52,2),"Pass","Fail"),IF(TRIM(LOWER(I52&""))=TRIM(LOWER(J52&"")),"Pass","Fail")),IF(T52="Min",IF(I52>=U52-1E-9,"Pass","Fail"),IF(T52="Between",IF(AND(I52>=U52,I52<=V52),"Pass","Fail"),IF(J52="","Not done yet",IF(T52="±%",IF(X52="","Check correct answer",IF(ABS(X52)*100<=V52+1E-9,"Pass","Fail")),IF(T52="% range",IF(X52="","Check correct answer",IF(AND(X52*100>=U52-1E-9,X52*100<=V52+1E-9),"Pass","Fail")),IF(T52="±abs",IF(ABS(W52)<=V52+1E-9,"Pass","Fail"),"Check type"))))))))))
A53: S2-047 | B53: A | C53: FAR and coverage | D53: RERA project P1: FAR | E53: ratio | F53: Real | G53: FAR printed on sanctioned plan | H53: Within 1% of correct answer | L53: =IF(X53="","",X53) | M53: =IF(O53<>"",O53,Y53) | R53: — | S53: RMP-2015 | T53: ±% | V53: 1 | W53: =IF(AND(ISNUMBER(I53),ISNUMBER(J53)),I53-J53,"") | X53: =IF(AND(ISNUMBER(I53),ISNUMBER(J53)),IF(J53=0,"",(I53-J53)/ABS(J53)),"") | Y53: =IF(T53="Advisory","No pass mark",IF(T53="Manual","Claude will check",IF(I53="","Not done yet",IF(T53="Exact",IF(AND(ISNUMBER(I53),ISNUMBER(J53)),IF(ROUND(I53,2)=ROUND(J53,2),"Pass","Fail"),IF(TRIM(LOWER(I53&""))=TRIM(LOWER(J53&"")),"Pass","Fail")),IF(T53="Min",IF(I53>=U53-1E-9,"Pass","Fail"),IF(T53="Between",IF(AND(I53>=U53,I53<=V53),"Pass","Fail"),IF(J53="","Not done yet",IF(T53="±%",IF(X53="","Check correct answer",IF(ABS(X53)*100<=V53+1E-9,"Pass","Fail")),IF(T53="% range",IF(X53="","Check correct answer",IF(AND(X53*100>=U53-1E-9,X53*100<=V53+1E-9),"Pass","Fail")),IF(T53="±abs",IF(ABS(W53)<=V53+1E-9,"Pass","Fail"),"Check type"))))))))))
A54: S2-048 | B54: A | C54: FAR and coverage | D54: RERA project P1: ground coverage | E54: % | F54: Real | G54: Coverage printed on sanctioned plan | H54: Within 1% of correct answer | L54: =IF(X54="","",X54) | M54: =IF(O54<>"",O54,Y54) | R54: — | S54: RMP-2015 | T54: ±% | V54: 1 | W54: =IF(AND(ISNUMBER(I54),ISNUMBER(J54)),I54-J54,"") | X54: =IF(AND(ISNUMBER(I54),ISNUMBER(J54)),IF(J54=0,"",(I54-J54)/ABS(J54)),"") | Y54: =IF(T54="Advisory","No pass mark",IF(T54="Manual","Claude will check",IF(I54="","Not done yet",IF(T54="Exact",IF(AND(ISNUMBER(I54),ISNUMBER(J54)),IF(ROUND(I54,2)=ROUND(J54,2),"Pass","Fail"),IF(TRIM(LOWER(I54&""))=TRIM(LOWER(J54&"")),"Pass","Fail")),IF(T54="Min",IF(I54>=U54-1E-9,"Pass","Fail"),IF(T54="Between",IF(AND(I54>=U54,I54<=V54),"Pass","Fail"),IF(J54="","Not done yet",IF(T54="±%",IF(X54="","Check correct answer",IF(ABS(X54)*100<=V54+1E-9,"Pass","Fail")),IF(T54="% range",IF(X54="","Check correct answer",IF(AND(X54*100>=U54-1E-9,X54*100<=V54+1E-9),"Pass","Fail")),IF(T54="±abs",IF(ABS(W54)<=V54+1E-9,"Pass","Fail"),"Check type"))))))))))
A55: S2-049 | B55: A | C55: FAR and coverage | D55: RERA project P2: FAR | E55: ratio | F55: Real | G55: FAR printed on sanctioned plan | H55: Within 1% of correct answer | L55: =IF(X55="","",X55) | M55: =IF(O55<>"",O55,Y55) | R55: — | S55: RMP-2015 | T55: ±% | V55: 1 | W55: =IF(AND(ISNUMBER(I55),ISNUMBER(J55)),I55-J55,"") | X55: =IF(AND(ISNUMBER(I55),ISNUMBER(J55)),IF(J55=0,"",(I55-J55)/ABS(J55)),"") | Y55: =IF(T55="Advisory","No pass mark",IF(T55="Manual","Claude will check",IF(I55="","Not done yet",IF(T55="Exact",IF(AND(ISNUMBER(I55),ISNUMBER(J55)),IF(ROUND(I55,2)=ROUND(J55,2),"Pass","Fail"),IF(TRIM(LOWER(I55&""))=TRIM(LOWER(J55&"")),"Pass","Fail")),IF(T55="Min",IF(I55>=U55-1E-9,"Pass","Fail"),IF(T55="Between",IF(AND(I55>=U55,I55<=V55),"Pass","Fail"),IF(J55="","Not done yet",IF(T55="±%",IF(X55="","Check correct answer",IF(ABS(X55)*100<=V55+1E-9,"Pass","Fail")),IF(T55="% range",IF(X55="","Check correct answer",IF(AND(X55*100>=U55-1E-9,X55*100<=V55+1E-9),"Pass","Fail")),IF(T55="±abs",IF(ABS(W55)<=V55+1E-9,"Pass","Fail"),"Check type"))))))))))
A56: S2-050 | B56: A | C56: FAR and coverage | D56: RERA project P2: ground coverage | E56: % | F56: Real | G56: Coverage printed on sanctioned plan | H56: Within 1% of correct answer | L56: =IF(X56="","",X56) | M56: =IF(O56<>"",O56,Y56) | R56: — | S56: RMP-2015 | T56: ±% | V56: 1 | W56: =IF(AND(ISNUMBER(I56),ISNUMBER(J56)),I56-J56,"") | X56: =IF(AND(ISNUMBER(I56),ISNUMBER(J56)),IF(J56=0,"",(I56-J56)/ABS(J56)),"") | Y56: =IF(T56="Advisory","No pass mark",IF(T56="Manual","Claude will check",IF(I56="","Not done yet",IF(T56="Exact",IF(AND(ISNUMBER(I56),ISNUMBER(J56)),IF(ROUND(I56,2)=ROUND(J56,2),"Pass","Fail"),IF(TRIM(LOWER(I56&""))=TRIM(LOWER(J56&"")),"Pass","Fail")),IF(T56="Min",IF(I56>=U56-1E-9,"Pass","Fail"),IF(T56="Between",IF(AND(I56>=U56,I56<=V56),"Pass","Fail"),IF(J56="","Not done yet",IF(T56="±%",IF(X56="","Check correct answer",IF(ABS(X56)*100<=V56+1E-9,"Pass","Fail")),IF(T56="% range",IF(X56="","Check correct answer",IF(AND(X56*100>=U56-1E-9,X56*100<=V56+1E-9),"Pass","Fail")),IF(T56="±abs",IF(ABS(W56)<=V56+1E-9,"Pass","Fail"),"Check type"))))))))))
A57: S2-051 | B57: A | C57: FAR and coverage | D57: RERA project P3: FAR | E57: ratio | F57: Real | G57: FAR printed on sanctioned plan | H57: Within 1% of correct answer | L57: =IF(X57="","",X57) | M57: =IF(O57<>"",O57,Y57) | R57: — | S57: RMP-2015 | T57: ±% | V57: 1 | W57: =IF(AND(ISNUMBER(I57),ISNUMBER(J57)),I57-J57,"") | X57: =IF(AND(ISNUMBER(I57),ISNUMBER(J57)),IF(J57=0,"",(I57-J57)/ABS(J57)),"") | Y57: =IF(T57="Advisory","No pass mark",IF(T57="Manual","Claude will check",IF(I57="","Not done yet",IF(T57="Exact",IF(AND(ISNUMBER(I57),ISNUMBER(J57)),IF(ROUND(I57,2)=ROUND(J57,2),"Pass","Fail"),IF(TRIM(LOWER(I57&""))=TRIM(LOWER(J57&"")),"Pass","Fail")),IF(T57="Min",IF(I57>=U57-1E-9,"Pass","Fail"),IF(T57="Between",IF(AND(I57>=U57,I57<=V57),"Pass","Fail"),IF(J57="","Not done yet",IF(T57="±%",IF(X57="","Check correct answer",IF(ABS(X57)*100<=V57+1E-9,"Pass","Fail")),IF(T57="% range",IF(X57="","Check correct answer",IF(AND(X57*100>=U57-1E-9,X57*100<=V57+1E-9),"Pass","Fail")),IF(T57="±abs",IF(ABS(W57)<=V57+1E-9,"Pass","Fail"),"Check type"))))))))))
A58: S2-052 | B58: A | C58: FAR and coverage | D58: RERA project P3: ground coverage | E58: % | F58: Real | G58: Coverage printed on sanctioned plan | H58: Within 1% of correct answer | L58: =IF(X58="","",X58) | M58: =IF(O58<>"",O58,Y58) | R58: — | S58: RMP-2015 | T58: ±% | V58: 1 | W58: =IF(AND(ISNUMBER(I58),ISNUMBER(J58)),I58-J58,"") | X58: =IF(AND(ISNUMBER(I58),ISNUMBER(J58)),IF(J58=0,"",(I58-J58)/ABS(J58)),"") | Y58: =IF(T58="Advisory","No pass mark",IF(T58="Manual","Claude will check",IF(I58="","Not done yet",IF(T58="Exact",IF(AND(ISNUMBER(I58),ISNUMBER(J58)),IF(ROUND(I58,2)=ROUND(J58,2),"Pass","Fail"),IF(TRIM(LOWER(I58&""))=TRIM(LOWER(J58&"")),"Pass","Fail")),IF(T58="Min",IF(I58>=U58-1E-9,"Pass","Fail"),IF(T58="Between",IF(AND(I58>=U58,I58<=V58),"Pass","Fail"),IF(J58="","Not done yet",IF(T58="±%",IF(X58="","Check correct answer",IF(ABS(X58)*100<=V58+1E-9,"Pass","Fail")),IF(T58="% range",IF(X58="","Check correct answer",IF(AND(X58*100>=U58-1E-9,X58*100<=V58+1E-9),"Pass","Fail")),IF(T58="±abs",IF(ABS(W58)<=V58+1E-9,"Pass","Fail"),"Check type"))))))))))
A59: S2-053 | B59: A | C59: FAR and coverage | D59: RERA project P4: FAR | E59: ratio | F59: Real | G59: FAR printed on sanctioned plan | H59: Within 1% of correct answer | L59: =IF(X59="","",X59) | M59: =IF(O59<>"",O59,Y59) | R59: — | S59: RMP-2015 | T59: ±% | V59: 1 | W59: =IF(AND(ISNUMBER(I59),ISNUMBER(J59)),I59-J59,"") | X59: =IF(AND(ISNUMBER(I59),ISNUMBER(J59)),IF(J59=0,"",(I59-J59)/ABS(J59)),"") | Y59: =IF(T59="Advisory","No pass mark",IF(T59="Manual","Claude will check",IF(I59="","Not done yet",IF(T59="Exact",IF(AND(ISNUMBER(I59),ISNUMBER(J59)),IF(ROUND(I59,2)=ROUND(J59,2),"Pass","Fail"),IF(TRIM(LOWER(I59&""))=TRIM(LOWER(J59&"")),"Pass","Fail")),IF(T59="Min",IF(I59>=U59-1E-9,"Pass","Fail"),IF(T59="Between",IF(AND(I59>=U59,I59<=V59),"Pass","Fail"),IF(J59="","Not done yet",IF(T59="±%",IF(X59="","Check correct answer",IF(ABS(X59)*100<=V59+1E-9,"Pass","Fail")),IF(T59="% range",IF(X59="","Check correct answer",IF(AND(X59*100>=U59-1E-9,X59*100<=V59+1E-9),"Pass","Fail")),IF(T59="±abs",IF(ABS(W59)<=V59+1E-9,"Pass","Fail"),"Check type"))))))))))
A60: S2-054 | B60: A | C60: FAR and coverage | D60: RERA project P4: ground coverage | E60: % | F60: Real | G60: Coverage printed on sanctioned plan | H60: Within 1% of correct answer | L60: =IF(X60="","",X60) | M60: =IF(O60<>"",O60,Y60) | R60: — | S60: RMP-2015 | T60: ±% | V60: 1 | W60: =IF(AND(ISNUMBER(I60),ISNUMBER(J60)),I60-J60,"") | X60: =IF(AND(ISNUMBER(I60),ISNUMBER(J60)),IF(J60=0,"",(I60-J60)/ABS(J60)),"") | Y60: =IF(T60="Advisory","No pass mark",IF(T60="Manual","Claude will check",IF(I60="","Not done yet",IF(T60="Exact",IF(AND(ISNUMBER(I60),ISNUMBER(J60)),IF(ROUND(I60,2)=ROUND(J60,2),"Pass","Fail"),IF(TRIM(LOWER(I60&""))=TRIM(LOWER(J60&"")),"Pass","Fail")),IF(T60="Min",IF(I60>=U60-1E-9,"Pass","Fail"),IF(T60="Between",IF(AND(I60>=U60,I60<=V60),"Pass","Fail"),IF(J60="","Not done yet",IF(T60="±%",IF(X60="","Check correct answer",IF(ABS(X60)*100<=V60+1E-9,"Pass","Fail")),IF(T60="% range",IF(X60="","Check correct answer",IF(AND(X60*100>=U60-1E-9,X60*100<=V60+1E-9),"Pass","Fail")),IF(T60="±abs",IF(ABS(W60)<=V60+1E-9,"Pass","Fail"),"Check type"))))))))))
A61: S2-055 | B61: A | C61: FAR and coverage | D61: RERA project P5: FAR | E61: ratio | F61: Real | G61: FAR printed on sanctioned plan | H61: Within 1% of correct answer | L61: =IF(X61="","",X61) | M61: =IF(O61<>"",O61,Y61) | R61: — | S61: RMP-2015 | T61: ±% | V61: 1 | W61: =IF(AND(ISNUMBER(I61),ISNUMBER(J61)),I61-J61,"") | X61: =IF(AND(ISNUMBER(I61),ISNUMBER(J61)),IF(J61=0,"",(I61-J61)/ABS(J61)),"") | Y61: =IF(T61="Advisory","No pass mark",IF(T61="Manual","Claude will check",IF(I61="","Not done yet",IF(T61="Exact",IF(AND(ISNUMBER(I61),ISNUMBER(J61)),IF(ROUND(I61,2)=ROUND(J61,2),"Pass","Fail"),IF(TRIM(LOWER(I61&""))=TRIM(LOWER(J61&"")),"Pass","Fail")),IF(T61="Min",IF(I61>=U61-1E-9,"Pass","Fail"),IF(T61="Between",IF(AND(I61>=U61,I61<=V61),"Pass","Fail"),IF(J61="","Not done yet",IF(T61="±%",IF(X61="","Check correct answer",IF(ABS(X61)*100<=V61+1E-9,"Pass","Fail")),IF(T61="% range",IF(X61="","Check correct answer",IF(AND(X61*100>=U61-1E-9,X61*100<=V61+1E-9),"Pass","Fail")),IF(T61="±abs",IF(ABS(W61)<=V61+1E-9,"Pass","Fail"),"Check type"))))))))))
A62: S2-056 | B62: A | C62: FAR and coverage | D62: RERA project P5: ground coverage | E62: % | F62: Real | G62: Coverage printed on sanctioned plan | H62: Within 1% of correct answer | L62: =IF(X62="","",X62) | M62: =IF(O62<>"",O62,Y62) | R62: — | S62: RMP-2015 | T62: ±% | V62: 1 | W62: =IF(AND(ISNUMBER(I62),ISNUMBER(J62)),I62-J62,"") | X62: =IF(AND(ISNUMBER(I62),ISNUMBER(J62)),IF(J62=0,"",(I62-J62)/ABS(J62)),"") | Y62: =IF(T62="Advisory","No pass mark",IF(T62="Manual","Claude will check",IF(I62="","Not done yet",IF(T62="Exact",IF(AND(ISNUMBER(I62),ISNUMBER(J62)),IF(ROUND(I62,2)=ROUND(J62,2),"Pass","Fail"),IF(TRIM(LOWER(I62&""))=TRIM(LOWER(J62&"")),"Pass","Fail")),IF(T62="Min",IF(I62>=U62-1E-9,"Pass","Fail"),IF(T62="Between",IF(AND(I62>=U62,I62<=V62),"Pass","Fail"),IF(J62="","Not done yet",IF(T62="±%",IF(X62="","Check correct answer",IF(ABS(X62)*100<=V62+1E-9,"Pass","Fail")),IF(T62="% range",IF(X62="","Check correct answer",IF(AND(X62*100>=U62-1E-9,X62*100<=V62+1E-9),"Pass","Fail")),IF(T62="±abs",IF(ABS(W62)<=V62+1E-9,"Pass","Fail"),"Check type"))))))))))
A63: S2-057 | B63: A | C63: Peer test | D63: Correct real-or-app guesses out of 60 (OPTIONAL) | E63: count | F63: Real | G63: 3 classmates from other groups | H63: Between 24 and 36 | L63: =IF(W63="","",W63) | M63: =IF(O63<>"",O63,Y63) | R63: — | S63: n/a | T63: Between | U63: 24 | V63: 36 | W63: =IF(AND(ISNUMBER(I63),ISNUMBER(J63)),I63-J63,"") | X63: =IF(AND(ISNUMBER(I63),ISNUMBER(J63)),IF(J63=0,"",(I63-J63)/ABS(J63)),"") | Y63: =IF(T63="Advisory","No pass mark",IF(T63="Manual","Claude will check",IF(I63="","Not done yet",IF(T63="Exact",IF(AND(ISNUMBER(I63),ISNUMBER(J63)),IF(ROUND(I63,2)=ROUND(J63,2),"Pass","Fail"),IF(TRIM(LOWER(I63&""))=TRIM(LOWER(J63&"")),"Pass","Fail")),IF(T63="Min",IF(I63>=U63-1E-9,"Pass","Fail"),IF(T63="Between",IF(AND(I63>=U63,I63<=V63),"Pass","Fail"),IF(J63="","Not done yet",IF(T63="±%",IF(X63="","Check correct answer",IF(ABS(X63)*100<=V63+1E-9,"Pass","Fail")),IF(T63="% range",IF(X63="","Check correct answer",IF(AND(X63*100>=U63-1E-9,X63*100<=V63+1E-9),"Pass","Fail")),IF(T63="±abs",IF(ABS(W63)<=V63+1E-9,"Pass","Fail"),"Check type"))))))))))
B64: B's tests (22)
A65: S2-058 | B65: B | C65: Parking | D65: Unit mix M1: required car spaces | E65: spaces | F65: Book | G65: Hand count | H65: Same as correct answer | L65: =IF(W65="","",W65) | M65: =IF(O65<>"",O65,Y65) | R65: RMP-2015 parking norms | S65: RMP-2015 | T65: Exact | W65: =IF(AND(ISNUMBER(I65),ISNUMBER(J65)),I65-J65,"") | X65: =IF(AND(ISNUMBER(I65),ISNUMBER(J65)),IF(J65=0,"",(I65-J65)/ABS(J65)),"") | Y65: =IF(T65="Advisory","No pass mark",IF(T65="Manual","Claude will check",IF(I65="","Not done yet",IF(T65="Exact",IF(AND(ISNUMBER(I65),ISNUMBER(J65)),IF(ROUND(I65,2)=ROUND(J65,2),"Pass","Fail"),IF(TRIM(LOWER(I65&""))=TRIM(LOWER(J65&"")),"Pass","Fail")),IF(T65="Min",IF(I65>=U65-1E-9,"Pass","Fail"),IF(T65="Between",IF(AND(I65>=U65,I65<=V65),"Pass","Fail"),IF(J65="","Not done yet",IF(T65="±%",IF(X65="","Check correct answer",IF(ABS(X65)*100<=V65+1E-9,"Pass","Fail")),IF(T65="% range",IF(X65="","Check correct answer",IF(AND(X65*100>=U65-1E-9,X65*100<=V65+1E-9),"Pass","Fail")),IF(T65="±abs",IF(ABS(W65)<=V65+1E-9,"Pass","Fail"),"Check type"))))))))))
A66: S2-059 | B66: B | C66: Parking | D66: Unit mix M2: required car spaces | E66: spaces | F66: Book | G66: Hand count | H66: Same as correct answer | L66: =IF(W66="","",W66) | M66: =IF(O66<>"",O66,Y66) | R66: RMP-2015 parking norms | S66: RMP-2015 | T66: Exact | W66: =IF(AND(ISNUMBER(I66),ISNUMBER(J66)),I66-J66,"") | X66: =IF(AND(ISNUMBER(I66),ISNUMBER(J66)),IF(J66=0,"",(I66-J66)/ABS(J66)),"") | Y66: =IF(T66="Advisory","No pass mark",IF(T66="Manual","Claude will check",IF(I66="","Not done yet",IF(T66="Exact",IF(AND(ISNUMBER(I66),ISNUMBER(J66)),IF(ROUND(I66,2)=ROUND(J66,2),"Pass","Fail"),IF(TRIM(LOWER(I66&""))=TRIM(LOWER(J66&"")),"Pass","Fail")),IF(T66="Min",IF(I66>=U66-1E-9,"Pass","Fail"),IF(T66="Between",IF(AND(I66>=U66,I66<=V66),"Pass","Fail"),IF(J66="","Not done yet",IF(T66="±%",IF(X66="","Check correct answer",IF(ABS(X66)*100<=V66+1E-9,"Pass","Fail")),IF(T66="% range",IF(X66="","Check correct answer",IF(AND(X66*100>=U66-1E-9,X66*100<=V66+1E-9),"Pass","Fail")),IF(T66="±abs",IF(ABS(W66)<=V66+1E-9,"Pass","Fail"),"Check type"))))))))))
A67: S2-060 | B67: B | C67: Parking | D67: Unit mix M3: required car spaces | E67: spaces | F67: Book | G67: Hand count | H67: Same as correct answer | L67: =IF(W67="","",W67) | M67: =IF(O67<>"",O67,Y67) | R67: RMP-2015 parking norms | S67: RMP-2015 | T67: Exact | W67: =IF(AND(ISNUMBER(I67),ISNUMBER(J67)),I67-J67,"") | X67: =IF(AND(ISNUMBER(I67),ISNUMBER(J67)),IF(J67=0,"",(I67-J67)/ABS(J67)),"") | Y67: =IF(T67="Advisory","No pass mark",IF(T67="Manual","Claude will check",IF(I67="","Not done yet",IF(T67="Exact",IF(AND(ISNUMBER(I67),ISNUMBER(J67)),IF(ROUND(I67,2)=ROUND(J67,2),"Pass","Fail"),IF(TRIM(LOWER(I67&""))=TRIM(LOWER(J67&"")),"Pass","Fail")),IF(T67="Min",IF(I67>=U67-1E-9,"Pass","Fail"),IF(T67="Between",IF(AND(I67>=U67,I67<=V67),"Pass","Fail"),IF(J67="","Not done yet",IF(T67="±%",IF(X67="","Check correct answer",IF(ABS(X67)*100<=V67+1E-9,"Pass","Fail")),IF(T67="% range",IF(X67="","Check correct answer",IF(AND(X67*100>=U67-1E-9,X67*100<=V67+1E-9),"Pass","Fail")),IF(T67="±abs",IF(ABS(W67)<=V67+1E-9,"Pass","Fail"),"Check type"))))))))))
A68: S2-061 | B68: B | C68: Parking | D68: Unit mix M4: required car spaces | E68: spaces | F68: Book | G68: Hand count | H68: Same as correct answer | L68: =IF(W68="","",W68) | M68: =IF(O68<>"",O68,Y68) | R68: RMP-2015 parking norms | S68: RMP-2015 | T68: Exact | W68: =IF(AND(ISNUMBER(I68),ISNUMBER(J68)),I68-J68,"") | X68: =IF(AND(ISNUMBER(I68),ISNUMBER(J68)),IF(J68=0,"",(I68-J68)/ABS(J68)),"") | Y68: =IF(T68="Advisory","No pass mark",IF(T68="Manual","Claude will check",IF(I68="","Not done yet",IF(T68="Exact",IF(AND(ISNUMBER(I68),ISNUMBER(J68)),IF(ROUND(I68,2)=ROUND(J68,2),"Pass","Fail"),IF(TRIM(LOWER(I68&""))=TRIM(LOWER(J68&"")),"Pass","Fail")),IF(T68="Min",IF(I68>=U68-1E-9,"Pass","Fail"),IF(T68="Between",IF(AND(I68>=U68,I68<=V68),"Pass","Fail"),IF(J68="","Not done yet",IF(T68="±%",IF(X68="","Check correct answer",IF(ABS(X68)*100<=V68+1E-9,"Pass","Fail")),IF(T68="% range",IF(X68="","Check correct answer",IF(AND(X68*100>=U68-1E-9,X68*100<=V68+1E-9),"Pass","Fail")),IF(T68="±abs",IF(ABS(W68)<=V68+1E-9,"Pass","Fail"),"Check type"))))))))))
A69: S2-062 | B69: B | C69: Parking | D69: Unit mix M5: required car spaces | E69: spaces | F69: Book | G69: Hand count | H69: Same as correct answer | L69: =IF(W69="","",W69) | M69: =IF(O69<>"",O69,Y69) | R69: RMP-2015 parking norms | S69: RMP-2015 | T69: Exact | W69: =IF(AND(ISNUMBER(I69),ISNUMBER(J69)),I69-J69,"") | X69: =IF(AND(ISNUMBER(I69),ISNUMBER(J69)),IF(J69=0,"",(I69-J69)/ABS(J69)),"") | Y69: =IF(T69="Advisory","No pass mark",IF(T69="Manual","Claude will check",IF(I69="","Not done yet",IF(T69="Exact",IF(AND(ISNUMBER(I69),ISNUMBER(J69)),IF(ROUND(I69,2)=ROUND(J69,2),"Pass","Fail"),IF(TRIM(LOWER(I69&""))=TRIM(LOWER(J69&"")),"Pass","Fail")),IF(T69="Min",IF(I69>=U69-1E-9,"Pass","Fail"),IF(T69="Between",IF(AND(I69>=U69,I69<=V69),"Pass","Fail"),IF(J69="","Not done yet",IF(T69="±%",IF(X69="","Check correct answer",IF(ABS(X69)*100<=V69+1E-9,"Pass","Fail")),IF(T69="% range",IF(X69="","Check correct answer",IF(AND(X69*100>=U69-1E-9,X69*100<=V69+1E-9),"Pass","Fail")),IF(T69="±abs",IF(ABS(W69)<=V69+1E-9,"Pass","Fail"),"Check type"))))))))))
A70: S2-063 | B70: B | C70: Parking | D70: RERA project P1: car spaces provided | E70: spaces | F70: Real | G70: Sanctioned plan; app DXF stalls counted by hand | H70: Same as correct answer | L70: =IF(W70="","",W70) | M70: =IF(O70<>"",O70,Y70) | R70: — | S70: RMP-2015 | T70: Exact | W70: =IF(AND(ISNUMBER(I70),ISNUMBER(J70)),I70-J70,"") | X70: =IF(AND(ISNUMBER(I70),ISNUMBER(J70)),IF(J70=0,"",(I70-J70)/ABS(J70)),"") | Y70: =IF(T70="Advisory","No pass mark",IF(T70="Manual","Claude will check",IF(I70="","Not done yet",IF(T70="Exact",IF(AND(ISNUMBER(I70),ISNUMBER(J70)),IF(ROUND(I70,2)=ROUND(J70,2),"Pass","Fail"),IF(TRIM(LOWER(I70&""))=TRIM(LOWER(J70&"")),"Pass","Fail")),IF(T70="Min",IF(I70>=U70-1E-9,"Pass","Fail"),IF(T70="Between",IF(AND(I70>=U70,I70<=V70),"Pass","Fail"),IF(J70="","Not done yet",IF(T70="±%",IF(X70="","Check correct answer",IF(ABS(X70)*100<=V70+1E-9,"Pass","Fail")),IF(T70="% range",IF(X70="","Check correct answer",IF(AND(X70*100>=U70-1E-9,X70*100<=V70+1E-9),"Pass","Fail")),IF(T70="±abs",IF(ABS(W70)<=V70+1E-9,"Pass","Fail"),"Check type"))))))))))
A71: S2-064 | B71: B | C71: Parking | D71: RERA project P2: car spaces provided | E71: spaces | F71: Real | G71: Sanctioned plan; app DXF stalls counted by hand | H71: Same as correct answer | L71: =IF(W71="","",W71) | M71: =IF(O71<>"",O71,Y71) | R71: — | S71: RMP-2015 | T71: Exact | W71: =IF(AND(ISNUMBER(I71),ISNUMBER(J71)),I71-J71,"") | X71: =IF(AND(ISNUMBER(I71),ISNUMBER(J71)),IF(J71=0,"",(I71-J71)/ABS(J71)),"") | Y71: =IF(T71="Advisory","No pass mark",IF(T71="Manual","Claude will check",IF(I71="","Not done yet",IF(T71="Exact",IF(AND(ISNUMBER(I71),ISNUMBER(J71)),IF(ROUND(I71,2)=ROUND(J71,2),"Pass","Fail"),IF(TRIM(LOWER(I71&""))=TRIM(LOWER(J71&"")),"Pass","Fail")),IF(T71="Min",IF(I71>=U71-1E-9,"Pass","Fail"),IF(T71="Between",IF(AND(I71>=U71,I71<=V71),"Pass","Fail"),IF(J71="","Not done yet",IF(T71="±%",IF(X71="","Check correct answer",IF(ABS(X71)*100<=V71+1E-9,"Pass","Fail")),IF(T71="% range",IF(X71="","Check correct answer",IF(AND(X71*100>=U71-1E-9,X71*100<=V71+1E-9),"Pass","Fail")),IF(T71="±abs",IF(ABS(W71)<=V71+1E-9,"Pass","Fail"),"Check type"))))))))))
A72: S2-065 | B72: B | C72: Parking | D72: RERA project P3: car spaces provided | E72: spaces | F72: Real | G72: Sanctioned plan; app DXF stalls counted by hand | H72: Same as correct answer | L72: =IF(W72="","",W72) | M72: =IF(O72<>"",O72,Y72) | R72: — | S72: RMP-2015 | T72: Exact | W72: =IF(AND(ISNUMBER(I72),ISNUMBER(J72)),I72-J72,"") | X72: =IF(AND(ISNUMBER(I72),ISNUMBER(J72)),IF(J72=0,"",(I72-J72)/ABS(J72)),"") | Y72: =IF(T72="Advisory","No pass mark",IF(T72="Manual","Claude will check",IF(I72="","Not done yet",IF(T72="Exact",IF(AND(ISNUMBER(I72),ISNUMBER(J72)),IF(ROUND(I72,2)=ROUND(J72,2),"Pass","Fail"),IF(TRIM(LOWER(I72&""))=TRIM(LOWER(J72&"")),"Pass","Fail")),IF(T72="Min",IF(I72>=U72-1E-9,"Pass","Fail"),IF(T72="Between",IF(AND(I72>=U72,I72<=V72),"Pass","Fail"),IF(J72="","Not done yet",IF(T72="±%",IF(X72="","Check correct answer",IF(ABS(X72)*100<=V72+1E-9,"Pass","Fail")),IF(T72="% range",IF(X72="","Check correct answer",IF(AND(X72*100>=U72-1E-9,X72*100<=V72+1E-9),"Pass","Fail")),IF(T72="±abs",IF(ABS(W72)<=V72+1E-9,"Pass","Fail"),"Check type"))))))))))
A73: S2-066 | B73: B | C73: Parking | D73: RERA project P4: car spaces provided | E73: spaces | F73: Real | G73: Sanctioned plan; app DXF stalls counted by hand | H73: Same as correct answer | L73: =IF(W73="","",W73) | M73: =IF(O73<>"",O73,Y73) | R73: — | S73: RMP-2015 | T73: Exact | W73: =IF(AND(ISNUMBER(I73),ISNUMBER(J73)),I73-J73,"") | X73: =IF(AND(ISNUMBER(I73),ISNUMBER(J73)),IF(J73=0,"",(I73-J73)/ABS(J73)),"") | Y73: =IF(T73="Advisory","No pass mark",IF(T73="Manual","Claude will check",IF(I73="","Not done yet",IF(T73="Exact",IF(AND(ISNUMBER(I73),ISNUMBER(J73)),IF(ROUND(I73,2)=ROUND(J73,2),"Pass","Fail"),IF(TRIM(LOWER(I73&""))=TRIM(LOWER(J73&"")),"Pass","Fail")),IF(T73="Min",IF(I73>=U73-1E-9,"Pass","Fail"),IF(T73="Between",IF(AND(I73>=U73,I73<=V73),"Pass","Fail"),IF(J73="","Not done yet",IF(T73="±%",IF(X73="","Check correct answer",IF(ABS(X73)*100<=V73+1E-9,"Pass","Fail")),IF(T73="% range",IF(X73="","Check correct answer",IF(AND(X73*100>=U73-1E-9,X73*100<=V73+1E-9),"Pass","Fail")),IF(T73="±abs",IF(ABS(W73)<=V73+1E-9,"Pass","Fail"),"Check type"))))))))))
A74: S2-067 | B74: B | C74: Parking | D74: RERA project P5: car spaces provided | E74: spaces | F74: Real | G74: Sanctioned plan; app DXF stalls counted by hand | H74: Same as correct answer | L74: =IF(W74="","",W74) | M74: =IF(O74<>"",O74,Y74) | R74: — | S74: RMP-2015 | T74: Exact | W74: =IF(AND(ISNUMBER(I74),ISNUMBER(J74)),I74-J74,"") | X74: =IF(AND(ISNUMBER(I74),ISNUMBER(J74)),IF(J74=0,"",(I74-J74)/ABS(J74)),"") | Y74: =IF(T74="Advisory","No pass mark",IF(T74="Manual","Claude will check",IF(I74="","Not done yet",IF(T74="Exact",IF(AND(ISNUMBER(I74),ISNUMBER(J74)),IF(ROUND(I74,2)=ROUND(J74,2),"Pass","Fail"),IF(TRIM(LOWER(I74&""))=TRIM(LOWER(J74&"")),"Pass","Fail")),IF(T74="Min",IF(I74>=U74-1E-9,"Pass","Fail"),IF(T74="Between",IF(AND(I74>=U74,I74<=V74),"Pass","Fail"),IF(J74="","Not done yet",IF(T74="±%",IF(X74="","Check correct answer",IF(ABS(X74)*100<=V74+1E-9,"Pass","Fail")),IF(T74="% range",IF(X74="","Check correct answer",IF(AND(X74*100>=U74-1E-9,X74*100<=V74+1E-9),"Pass","Fail")),IF(T74="±abs",IF(ABS(W74)<=V74+1E-9,"Pass","Fail"),"Check type"))))))))))
A75: S2-068 | B75: B | C75: Room layouts | D75: App plan 1: every habitable room has an outside window and is reachable | E75: Yes/No | F75: Book | G75: Rule | H75: Same as correct answer | J75: Yes | L75: =IF(W75="","",W75) | M75: =IF(O75<>"",O75,Y75) | R75: NBC 2016 Part 3 | S75: NBC 2016 | T75: Exact | W75: =IF(AND(ISNUMBER(I75),ISNUMBER(J75)),I75-J75,"") | X75: =IF(AND(ISNUMBER(I75),ISNUMBER(J75)),IF(J75=0,"",(I75-J75)/ABS(J75)),"") | Y75: =IF(T75="Advisory","No pass mark",IF(T75="Manual","Claude will check",IF(I75="","Not done yet",IF(T75="Exact",IF(AND(ISNUMBER(I75),ISNUMBER(J75)),IF(ROUND(I75,2)=ROUND(J75,2),"Pass","Fail"),IF(TRIM(LOWER(I75&""))=TRIM(LOWER(J75&"")),"Pass","Fail")),IF(T75="Min",IF(I75>=U75-1E-9,"Pass","Fail"),IF(T75="Between",IF(AND(I75>=U75,I75<=V75),"Pass","Fail"),IF(J75="","Not done yet",IF(T75="±%",IF(X75="","Check correct answer",IF(ABS(X75)*100<=V75+1E-9,"Pass","Fail")),IF(T75="% range",IF(X75="","Check correct answer",IF(AND(X75*100>=U75-1E-9,X75*100<=V75+1E-9),"Pass","Fail")),IF(T75="±abs",IF(ABS(W75)<=V75+1E-9,"Pass","Fail"),"Check type"))))))))))
A76: S2-069 | B76: B | C76: Room layouts | D76: App plan 2: every habitable room has an outside window and is reachable | E76: Yes/No | F76: Book | G76: Rule | H76: Same as correct answer | J76: Yes | L76: =IF(W76="","",W76) | M76: =IF(O76<>"",O76,Y76) | R76: NBC 2016 Part 3 | S76: NBC 2016 | T76: Exact | W76: =IF(AND(ISNUMBER(I76),ISNUMBER(J76)),I76-J76,"") | X76: =IF(AND(ISNUMBER(I76),ISNUMBER(J76)),IF(J76=0,"",(I76-J76)/ABS(J76)),"") | Y76: =IF(T76="Advisory","No pass mark",IF(T76="Manual","Claude will check",IF(I76="","Not done yet",IF(T76="Exact",IF(AND(ISNUMBER(I76),ISNUMBER(J76)),IF(ROUND(I76,2)=ROUND(J76,2),"Pass","Fail"),IF(TRIM(LOWER(I76&""))=TRIM(LOWER(J76&"")),"Pass","Fail")),IF(T76="Min",IF(I76>=U76-1E-9,"Pass","Fail"),IF(T76="Between",IF(AND(I76>=U76,I76<=V76),"Pass","Fail"),IF(J76="","Not done yet",IF(T76="±%",IF(X76="","Check correct answer",IF(ABS(X76)*100<=V76+1E-9,"Pass","Fail")),IF(T76="% range",IF(X76="","Check correct answer",IF(AND(X76*100>=U76-1E-9,X76*100<=V76+1E-9),"Pass","Fail")),IF(T76="±abs",IF(ABS(W76)<=V76+1E-9,"Pass","Fail"),"Check type"))))))))))
A77: S2-070 | B77: B | C77: Room layouts | D77: App plan 3: every habitable room has an outside window and is reachable | E77: Yes/No | F77: Book | G77: Rule | H77: Same as correct answer | J77: Yes | L77: =IF(W77="","",W77) | M77: =IF(O77<>"",O77,Y77) | R77: NBC 2016 Part 3 | S77: NBC 2016 | T77: Exact | W77: =IF(AND(ISNUMBER(I77),ISNUMBER(J77)),I77-J77,"") | X77: =IF(AND(ISNUMBER(I77),ISNUMBER(J77)),IF(J77=0,"",(I77-J77)/ABS(J77)),"") | Y77: =IF(T77="Advisory","No pass mark",IF(T77="Manual","Claude will check",IF(I77="","Not done yet",IF(T77="Exact",IF(AND(ISNUMBER(I77),ISNUMBER(J77)),IF(ROUND(I77,2)=ROUND(J77,2),"Pass","Fail"),IF(TRIM(LOWER(I77&""))=TRIM(LOWER(J77&"")),"Pass","Fail")),IF(T77="Min",IF(I77>=U77-1E-9,"Pass","Fail"),IF(T77="Between",IF(AND(I77>=U77,I77<=V77),"Pass","Fail"),IF(J77="","Not done yet",IF(T77="±%",IF(X77="","Check correct answer",IF(ABS(X77)*100<=V77+1E-9,"Pass","Fail")),IF(T77="% range",IF(X77="","Check correct answer",IF(AND(X77*100>=U77-1E-9,X77*100<=V77+1E-9),"Pass","Fail")),IF(T77="±abs",IF(ABS(W77)<=V77+1E-9,"Pass","Fail"),"Check type"))))))))))
A78: S2-071 | B78: B | C78: Room layouts | D78: App plan 4: every habitable room has an outside window and is reachable | E78: Yes/No | F78: Book | G78: Rule | H78: Same as correct answer | J78: Yes | L78: =IF(W78="","",W78) | M78: =IF(O78<>"",O78,Y78) | R78: NBC 2016 Part 3 | S78: NBC 2016 | T78: Exact | W78: =IF(AND(ISNUMBER(I78),ISNUMBER(J78)),I78-J78,"") | X78: =IF(AND(ISNUMBER(I78),ISNUMBER(J78)),IF(J78=0,"",(I78-J78)/ABS(J78)),"") | Y78: =IF(T78="Advisory","No pass mark",IF(T78="Manual","Claude will check",IF(I78="","Not done yet",IF(T78="Exact",IF(AND(ISNUMBER(I78),ISNUMBER(J78)),IF(ROUND(I78,2)=ROUND(J78,2),"Pass","Fail"),IF(TRIM(LOWER(I78&""))=TRIM(LOWER(J78&"")),"Pass","Fail")),IF(T78="Min",IF(I78>=U78-1E-9,"Pass","Fail"),IF(T78="Between",IF(AND(I78>=U78,I78<=V78),"Pass","Fail"),IF(J78="","Not done yet",IF(T78="±%",IF(X78="","Check correct answer",IF(ABS(X78)*100<=V78+1E-9,"Pass","Fail")),IF(T78="% range",IF(X78="","Check correct answer",IF(AND(X78*100>=U78-1E-9,X78*100<=V78+1E-9),"Pass","Fail")),IF(T78="±abs",IF(ABS(W78)<=V78+1E-9,"Pass","Fail"),"Check type"))))))))))
A79: S2-072 | B79: B | C79: Room layouts | D79: App plan 5: every habitable room has an outside window and is reachable | E79: Yes/No | F79: Book | G79: Rule | H79: Same as correct answer | J79: Yes | L79: =IF(W79="","",W79) | M79: =IF(O79<>"",O79,Y79) | R79: NBC 2016 Part 3 | S79: NBC 2016 | T79: Exact | W79: =IF(AND(ISNUMBER(I79),ISNUMBER(J79)),I79-J79,"") | X79: =IF(AND(ISNUMBER(I79),ISNUMBER(J79)),IF(J79=0,"",(I79-J79)/ABS(J79)),"") | Y79: =IF(T79="Advisory","No pass mark",IF(T79="Manual","Claude will check",IF(I79="","Not done yet",IF(T79="Exact",IF(AND(ISNUMBER(I79),ISNUMBER(J79)),IF(ROUND(I79,2)=ROUND(J79,2),"Pass","Fail"),IF(TRIM(LOWER(I79&""))=TRIM(LOWER(J79&"")),"Pass","Fail")),IF(T79="Min",IF(I79>=U79-1E-9,"Pass","Fail"),IF(T79="Between",IF(AND(I79>=U79,I79<=V79),"Pass","Fail"),IF(J79="","Not done yet",IF(T79="±%",IF(X79="","Check correct answer",IF(ABS(X79)*100<=V79+1E-9,"Pass","Fail")),IF(T79="% range",IF(X79="","Check correct answer",IF(AND(X79*100>=U79-1E-9,X79*100<=V79+1E-9),"Pass","Fail")),IF(T79="±abs",IF(ABS(W79)<=V79+1E-9,"Pass","Fail"),"Check type"))))))))))
A80: S2-073 | B80: B | C80: Room layouts | D80: App plan 6: every habitable room has an outside window and is reachable | E80: Yes/No | F80: Book | G80: Rule | H80: Same as correct answer | J80: Yes | L80: =IF(W80="","",W80) | M80: =IF(O80<>"",O80,Y80) | R80: NBC 2016 Part 3 | S80: NBC 2016 | T80: Exact | W80: =IF(AND(ISNUMBER(I80),ISNUMBER(J80)),I80-J80,"") | X80: =IF(AND(ISNUMBER(I80),ISNUMBER(J80)),IF(J80=0,"",(I80-J80)/ABS(J80)),"") | Y80: =IF(T80="Advisory","No pass mark",IF(T80="Manual","Claude will check",IF(I80="","Not done yet",IF(T80="Exact",IF(AND(ISNUMBER(I80),ISNUMBER(J80)),IF(ROUND(I80,2)=ROUND(J80,2),"Pass","Fail"),IF(TRIM(LOWER(I80&""))=TRIM(LOWER(J80&"")),"Pass","Fail")),IF(T80="Min",IF(I80>=U80-1E-9,"Pass","Fail"),IF(T80="Between",IF(AND(I80>=U80,I80<=V80),"Pass","Fail"),IF(J80="","Not done yet",IF(T80="±%",IF(X80="","Check correct answer",IF(ABS(X80)*100<=V80+1E-9,"Pass","Fail")),IF(T80="% range",IF(X80="","Check correct answer",IF(AND(X80*100>=U80-1E-9,X80*100<=V80+1E-9),"Pass","Fail")),IF(T80="±abs",IF(ABS(W80)<=V80+1E-9,"Pass","Fail"),"Check type"))))))))))
A81: S2-074 | B81: B | C81: Room layouts | D81: App plan 7: every habitable room has an outside window and is reachable | E81: Yes/No | F81: Book | G81: Rule | H81: Same as correct answer | J81: Yes | L81: =IF(W81="","",W81) | M81: =IF(O81<>"",O81,Y81) | R81: NBC 2016 Part 3 | S81: NBC 2016 | T81: Exact | W81: =IF(AND(ISNUMBER(I81),ISNUMBER(J81)),I81-J81,"") | X81: =IF(AND(ISNUMBER(I81),ISNUMBER(J81)),IF(J81=0,"",(I81-J81)/ABS(J81)),"") | Y81: =IF(T81="Advisory","No pass mark",IF(T81="Manual","Claude will check",IF(I81="","Not done yet",IF(T81="Exact",IF(AND(ISNUMBER(I81),ISNUMBER(J81)),IF(ROUND(I81,2)=ROUND(J81,2),"Pass","Fail"),IF(TRIM(LOWER(I81&""))=TRIM(LOWER(J81&"")),"Pass","Fail")),IF(T81="Min",IF(I81>=U81-1E-9,"Pass","Fail"),IF(T81="Between",IF(AND(I81>=U81,I81<=V81),"Pass","Fail"),IF(J81="","Not done yet",IF(T81="±%",IF(X81="","Check correct answer",IF(ABS(X81)*100<=V81+1E-9,"Pass","Fail")),IF(T81="% range",IF(X81="","Check correct answer",IF(AND(X81*100>=U81-1E-9,X81*100<=V81+1E-9),"Pass","Fail")),IF(T81="±abs",IF(ABS(W81)<=V81+1E-9,"Pass","Fail"),"Check type"))))))))))
A82: S2-075 | B82: B | C82: Room layouts | D82: App plan 8: every habitable room has an outside window and is reachable | E82: Yes/No | F82: Book | G82: Rule | H82: Same as correct answer | J82: Yes | L82: =IF(W82="","",W82) | M82: =IF(O82<>"",O82,Y82) | R82: NBC 2016 Part 3 | S82: NBC 2016 | T82: Exact | W82: =IF(AND(ISNUMBER(I82),ISNUMBER(J82)),I82-J82,"") | X82: =IF(AND(ISNUMBER(I82),ISNUMBER(J82)),IF(J82=0,"",(I82-J82)/ABS(J82)),"") | Y82: =IF(T82="Advisory","No pass mark",IF(T82="Manual","Claude will check",IF(I82="","Not done yet",IF(T82="Exact",IF(AND(ISNUMBER(I82),ISNUMBER(J82)),IF(ROUND(I82,2)=ROUND(J82,2),"Pass","Fail"),IF(TRIM(LOWER(I82&""))=TRIM(LOWER(J82&"")),"Pass","Fail")),IF(T82="Min",IF(I82>=U82-1E-9,"Pass","Fail"),IF(T82="Between",IF(AND(I82>=U82,I82<=V82),"Pass","Fail"),IF(J82="","Not done yet",IF(T82="±%",IF(X82="","Check correct answer",IF(ABS(X82)*100<=V82+1E-9,"Pass","Fail")),IF(T82="% range",IF(X82="","Check correct answer",IF(AND(X82*100>=U82-1E-9,X82*100<=V82+1E-9),"Pass","Fail")),IF(T82="±abs",IF(ABS(W82)<=V82+1E-9,"Pass","Fail"),"Check type"))))))))))
A83: S2-076 | B83: B | C83: Room layouts | D83: App plan 9: every habitable room has an outside window and is reachable | E83: Yes/No | F83: Book | G83: Rule | H83: Same as correct answer | J83: Yes | L83: =IF(W83="","",W83) | M83: =IF(O83<>"",O83,Y83) | R83: NBC 2016 Part 3 | S83: NBC 2016 | T83: Exact | W83: =IF(AND(ISNUMBER(I83),ISNUMBER(J83)),I83-J83,"") | X83: =IF(AND(ISNUMBER(I83),ISNUMBER(J83)),IF(J83=0,"",(I83-J83)/ABS(J83)),"") | Y83: =IF(T83="Advisory","No pass mark",IF(T83="Manual","Claude will check",IF(I83="","Not done yet",IF(T83="Exact",IF(AND(ISNUMBER(I83),ISNUMBER(J83)),IF(ROUND(I83,2)=ROUND(J83,2),"Pass","Fail"),IF(TRIM(LOWER(I83&""))=TRIM(LOWER(J83&"")),"Pass","Fail")),IF(T83="Min",IF(I83>=U83-1E-9,"Pass","Fail"),IF(T83="Between",IF(AND(I83>=U83,I83<=V83),"Pass","Fail"),IF(J83="","Not done yet",IF(T83="±%",IF(X83="","Check correct answer",IF(ABS(X83)*100<=V83+1E-9,"Pass","Fail")),IF(T83="% range",IF(X83="","Check correct answer",IF(AND(X83*100>=U83-1E-9,X83*100<=V83+1E-9),"Pass","Fail")),IF(T83="±abs",IF(ABS(W83)<=V83+1E-9,"Pass","Fail"),"Check type"))))))))))
A84: S2-077 | B84: B | C84: Room layouts | D84: App plan 10: every habitable room has an outside window and is reachable | E84: Yes/No | F84: Book | G84: Rule | H84: Same as correct answer | J84: Yes | L84: =IF(W84="","",W84) | M84: =IF(O84<>"",O84,Y84) | R84: NBC 2016 Part 3 | S84: NBC 2016 | T84: Exact | W84: =IF(AND(ISNUMBER(I84),ISNUMBER(J84)),I84-J84,"") | X84: =IF(AND(ISNUMBER(I84),ISNUMBER(J84)),IF(J84=0,"",(I84-J84)/ABS(J84)),"") | Y84: =IF(T84="Advisory","No pass mark",IF(T84="Manual","Claude will check",IF(I84="","Not done yet",IF(T84="Exact",IF(AND(ISNUMBER(I84),ISNUMBER(J84)),IF(ROUND(I84,2)=ROUND(J84,2),"Pass","Fail"),IF(TRIM(LOWER(I84&""))=TRIM(LOWER(J84&"")),"Pass","Fail")),IF(T84="Min",IF(I84>=U84-1E-9,"Pass","Fail"),IF(T84="Between",IF(AND(I84>=U84,I84<=V84),"Pass","Fail"),IF(J84="","Not done yet",IF(T84="±%",IF(X84="","Check correct answer",IF(ABS(X84)*100<=V84+1E-9,"Pass","Fail")),IF(T84="% range",IF(X84="","Check correct answer",IF(AND(X84*100>=U84-1E-9,X84*100<=V84+1E-9),"Pass","Fail")),IF(T84="±abs",IF(ABS(W84)<=V84+1E-9,"Pass","Fail"),"Check type"))))))))))
A85: S2-078 | B85: B | C85: Room layouts | D85: Room sizes meet NBC 2016 Part 3 minimums (all app plans) | E85: Yes/No | F85: Book | G85: NBC minimum sizes | H85: Same as correct answer | J85: Yes | L85: =IF(W85="","",W85) | M85: =IF(O85<>"",O85,Y85) | R85: NBC 2016 Part 3 | S85: NBC 2016 | T85: Exact | W85: =IF(AND(ISNUMBER(I85),ISNUMBER(J85)),I85-J85,"") | X85: =IF(AND(ISNUMBER(I85),ISNUMBER(J85)),IF(J85=0,"",(I85-J85)/ABS(J85)),"") | Y85: =IF(T85="Advisory","No pass mark",IF(T85="Manual","Claude will check",IF(I85="","Not done yet",IF(T85="Exact",IF(AND(ISNUMBER(I85),ISNUMBER(J85)),IF(ROUND(I85,2)=ROUND(J85,2),"Pass","Fail"),IF(TRIM(LOWER(I85&""))=TRIM(LOWER(J85&"")),"Pass","Fail")),IF(T85="Min",IF(I85>=U85-1E-9,"Pass","Fail"),IF(T85="Between",IF(AND(I85>=U85,I85<=V85),"Pass","Fail"),IF(J85="","Not done yet",IF(T85="±%",IF(X85="","Check correct answer",IF(ABS(X85)*100<=V85+1E-9,"Pass","Fail")),IF(T85="% range",IF(X85="","Check correct answer",IF(AND(X85*100>=U85-1E-9,X85*100<=V85+1E-9),"Pass","Fail")),IF(T85="±abs",IF(ABS(W85)<=V85+1E-9,"Pass","Fail"),"Check type"))))))))))
A86: S2-079 | B86: B | C86: Room layouts | D86: Share of app rooms inside the real size range → Enter as a number, e.g. 93 for 93% | E86: % | F86: Real | G86: 30 RERA 1, 2 and 3 BHK plans | H86: At least 90 | L86: =IF(W86="","",W86) | M86: =IF(O86<>"",O86,Y86) | R86: — | S86: n/a | T86: Min | U86: 90 | W86: =IF(AND(ISNUMBER(I86),ISNUMBER(J86)),I86-J86,"") | X86: =IF(AND(ISNUMBER(I86),ISNUMBER(J86)),IF(J86=0,"",(I86-J86)/ABS(J86)),"") | Y86: =IF(T86="Advisory","No pass mark",IF(T86="Manual","Claude will check",IF(I86="","Not done yet",IF(T86="Exact",IF(AND(ISNUMBER(I86),ISNUMBER(J86)),IF(ROUND(I86,2)=ROUND(J86,2),"Pass","Fail"),IF(TRIM(LOWER(I86&""))=TRIM(LOWER(J86&"")),"Pass","Fail")),IF(T86="Min",IF(I86>=U86-1E-9,"Pass","Fail"),IF(T86="Between",IF(AND(I86>=U86,I86<=V86),"Pass","Fail"),IF(J86="","Not done yet",IF(T86="±%",IF(X86="","Check correct answer",IF(ABS(X86)*100<=V86+1E-9,"Pass","Fail")),IF(T86="% range",IF(X86="","Check correct answer",IF(AND(X86*100>=U86-1E-9,X86*100<=V86+1E-9),"Pass","Fail")),IF(T86="±abs",IF(ABS(W86)<=V86+1E-9,"Pass","Fail"),"Check type"))))))))))
B87: C's tests (8)
A88: S2-080 | B88: C | C88: Floor-plan rule book | D88: Rules whose passing and failing cases both behave correctly | E88: rules | F88: Book | G88: Direct tests (Reference value = total rules) | H88: Same as correct answer | L88: =IF(W88="","",W88) | M88: =IF(O88<>"",O88,Y88) | R88: — | S88: n/a | T88: Exact | W88: =IF(AND(ISNUMBER(I88),ISNUMBER(J88)),I88-J88,"") | X88: =IF(AND(ISNUMBER(I88),ISNUMBER(J88)),IF(J88=0,"",(I88-J88)/ABS(J88)),"") | Y88: =IF(T88="Advisory","No pass mark",IF(T88="Manual","Claude will check",IF(I88="","Not done yet",IF(T88="Exact",IF(AND(ISNUMBER(I88),ISNUMBER(J88)),IF(ROUND(I88,2)=ROUND(J88,2),"Pass","Fail"),IF(TRIM(LOWER(I88&""))=TRIM(LOWER(J88&"")),"Pass","Fail")),IF(T88="Min",IF(I88>=U88-1E-9,"Pass","Fail"),IF(T88="Between",IF(AND(I88>=U88,I88<=V88),"Pass","Fail"),IF(J88="","Not done yet",IF(T88="±%",IF(X88="","Check correct answer",IF(ABS(X88)*100<=V88+1E-9,"Pass","Fail")),IF(T88="% range",IF(X88="","Check correct answer",IF(AND(X88*100>=U88-1E-9,X88*100<=V88+1E-9),"Pass","Fail")),IF(T88="±abs",IF(ABS(W88)<=V88+1E-9,"Pass","Fail"),"Check type"))))))))))
A89: S2-081 | B89: C | C89: DXF and IFC export | D89: Project X1: total area after re-opening the DXF in LibreCAD | E89: m² | F89: Book | G89: App's own area | H89: Within 0.1% of correct answer | L89: =IF(X89="","",X89) | M89: =IF(O89<>"",O89,Y89) | R89: — | S89: n/a | T89: ±% | V89: 0.1 | W89: =IF(AND(ISNUMBER(I89),ISNUMBER(J89)),I89-J89,"") | X89: =IF(AND(ISNUMBER(I89),ISNUMBER(J89)),IF(J89=0,"",(I89-J89)/ABS(J89)),"") | Y89: =IF(T89="Advisory","No pass mark",IF(T89="Manual","Claude will check",IF(I89="","Not done yet",IF(T89="Exact",IF(AND(ISNUMBER(I89),ISNUMBER(J89)),IF(ROUND(I89,2)=ROUND(J89,2),"Pass","Fail"),IF(TRIM(LOWER(I89&""))=TRIM(LOWER(J89&"")),"Pass","Fail")),IF(T89="Min",IF(I89>=U89-1E-9,"Pass","Fail"),IF(T89="Between",IF(AND(I89>=U89,I89<=V89),"Pass","Fail"),IF(J89="","Not done yet",IF(T89="±%",IF(X89="","Check correct answer",IF(ABS(X89)*100<=V89+1E-9,"Pass","Fail")),IF(T89="% range",IF(X89="","Check correct answer",IF(AND(X89*100>=U89-1E-9,X89*100<=V89+1E-9),"Pass","Fail")),IF(T89="±abs",IF(ABS(W89)<=V89+1E-9,"Pass","Fail"),"Check type"))))))))))
A90: S2-082 | B90: C | C90: DXF and IFC export | D90: Project X1: total area after re-opening the IFC in Bonsai | E90: m² | F90: Book | G90: App's own area | H90: Within 0.1% of correct answer | L90: =IF(X90="","",X90) | M90: =IF(O90<>"",O90,Y90) | R90: — | S90: n/a | T90: ±% | V90: 0.1 | W90: =IF(AND(ISNUMBER(I90),ISNUMBER(J90)),I90-J90,"") | X90: =IF(AND(ISNUMBER(I90),ISNUMBER(J90)),IF(J90=0,"",(I90-J90)/ABS(J90)),"") | Y90: =IF(T90="Advisory","No pass mark",IF(T90="Manual","Claude will check",IF(I90="","Not done yet",IF(T90="Exact",IF(AND(ISNUMBER(I90),ISNUMBER(J90)),IF(ROUND(I90,2)=ROUND(J90,2),"Pass","Fail"),IF(TRIM(LOWER(I90&""))=TRIM(LOWER(J90&"")),"Pass","Fail")),IF(T90="Min",IF(I90>=U90-1E-9,"Pass","Fail"),IF(T90="Between",IF(AND(I90>=U90,I90<=V90),"Pass","Fail"),IF(J90="","Not done yet",IF(T90="±%",IF(X90="","Check correct answer",IF(ABS(X90)*100<=V90+1E-9,"Pass","Fail")),IF(T90="% range",IF(X90="","Check correct answer",IF(AND(X90*100>=U90-1E-9,X90*100<=V90+1E-9),"Pass","Fail")),IF(T90="±abs",IF(ABS(W90)<=V90+1E-9,"Pass","Fail"),"Check type"))))))))))
A91: S2-083 | B91: C | C91: DXF and IFC export | D91: Project X2: total area after re-opening the DXF in LibreCAD | E91: m² | F91: Book | G91: App's own area | H91: Within 0.1% of correct answer | L91: =IF(X91="","",X91) | M91: =IF(O91<>"",O91,Y91) | R91: — | S91: n/a | T91: ±% | V91: 0.1 | W91: =IF(AND(ISNUMBER(I91),ISNUMBER(J91)),I91-J91,"") | X91: =IF(AND(ISNUMBER(I91),ISNUMBER(J91)),IF(J91=0,"",(I91-J91)/ABS(J91)),"") | Y91: =IF(T91="Advisory","No pass mark",IF(T91="Manual","Claude will check",IF(I91="","Not done yet",IF(T91="Exact",IF(AND(ISNUMBER(I91),ISNUMBER(J91)),IF(ROUND(I91,2)=ROUND(J91,2),"Pass","Fail"),IF(TRIM(LOWER(I91&""))=TRIM(LOWER(J91&"")),"Pass","Fail")),IF(T91="Min",IF(I91>=U91-1E-9,"Pass","Fail"),IF(T91="Between",IF(AND(I91>=U91,I91<=V91),"Pass","Fail"),IF(J91="","Not done yet",IF(T91="±%",IF(X91="","Check correct answer",IF(ABS(X91)*100<=V91+1E-9,"Pass","Fail")),IF(T91="% range",IF(X91="","Check correct answer",IF(AND(X91*100>=U91-1E-9,X91*100<=V91+1E-9),"Pass","Fail")),IF(T91="±abs",IF(ABS(W91)<=V91+1E-9,"Pass","Fail"),"Check type"))))))))))
A92: S2-084 | B92: C | C92: DXF and IFC export | D92: Project X2: total area after re-opening the IFC in Bonsai | E92: m² | F92: Book | G92: App's own area | H92: Within 0.1% of correct answer | L92: =IF(X92="","",X92) | M92: =IF(O92<>"",O92,Y92) | R92: — | S92: n/a | T92: ±% | V92: 0.1 | W92: =IF(AND(ISNUMBER(I92),ISNUMBER(J92)),I92-J92,"") | X92: =IF(AND(ISNUMBER(I92),ISNUMBER(J92)),IF(J92=0,"",(I92-J92)/ABS(J92)),"") | Y92: =IF(T92="Advisory","No pass mark",IF(T92="Manual","Claude will check",IF(I92="","Not done yet",IF(T92="Exact",IF(AND(ISNUMBER(I92),ISNUMBER(J92)),IF(ROUND(I92,2)=ROUND(J92,2),"Pass","Fail"),IF(TRIM(LOWER(I92&""))=TRIM(LOWER(J92&"")),"Pass","Fail")),IF(T92="Min",IF(I92>=U92-1E-9,"Pass","Fail"),IF(T92="Between",IF(AND(I92>=U92,I92<=V92),"Pass","Fail"),IF(J92="","Not done yet",IF(T92="±%",IF(X92="","Check correct answer",IF(ABS(X92)*100<=V92+1E-9,"Pass","Fail")),IF(T92="% range",IF(X92="","Check correct answer",IF(AND(X92*100>=U92-1E-9,X92*100<=V92+1E-9),"Pass","Fail")),IF(T92="±abs",IF(ABS(W92)<=V92+1E-9,"Pass","Fail"),"Check type"))))))))))
A93: S2-085 | B93: C | C93: DXF and IFC export | D93: Project X3: total area after re-opening the DXF in LibreCAD | E93: m² | F93: Book | G93: App's own area | H93: Within 0.1% of correct answer | L93: =IF(X93="","",X93) | M93: =IF(O93<>"",O93,Y93) | R93: — | S93: n/a | T93: ±% | V93: 0.1 | W93: =IF(AND(ISNUMBER(I93),ISNUMBER(J93)),I93-J93,"") | X93: =IF(AND(ISNUMBER(I93),ISNUMBER(J93)),IF(J93=0,"",(I93-J93)/ABS(J93)),"") | Y93: =IF(T93="Advisory","No pass mark",IF(T93="Manual","Claude will check",IF(I93="","Not done yet",IF(T93="Exact",IF(AND(ISNUMBER(I93),ISNUMBER(J93)),IF(ROUND(I93,2)=ROUND(J93,2),"Pass","Fail"),IF(TRIM(LOWER(I93&""))=TRIM(LOWER(J93&"")),"Pass","Fail")),IF(T93="Min",IF(I93>=U93-1E-9,"Pass","Fail"),IF(T93="Between",IF(AND(I93>=U93,I93<=V93),"Pass","Fail"),IF(J93="","Not done yet",IF(T93="±%",IF(X93="","Check correct answer",IF(ABS(X93)*100<=V93+1E-9,"Pass","Fail")),IF(T93="% range",IF(X93="","Check correct answer",IF(AND(X93*100>=U93-1E-9,X93*100<=V93+1E-9),"Pass","Fail")),IF(T93="±abs",IF(ABS(W93)<=V93+1E-9,"Pass","Fail"),"Check type"))))))))))
A94: S2-086 | B94: C | C94: DXF and IFC export | D94: Project X3: total area after re-opening the IFC in Bonsai | E94: m² | F94: Book | G94: App's own area | H94: Within 0.1% of correct answer | L94: =IF(X94="","",X94) | M94: =IF(O94<>"",O94,Y94) | R94: — | S94: n/a | T94: ±% | V94: 0.1 | W94: =IF(AND(ISNUMBER(I94),ISNUMBER(J94)),I94-J94,"") | X94: =IF(AND(ISNUMBER(I94),ISNUMBER(J94)),IF(J94=0,"",(I94-J94)/ABS(J94)),"") | Y94: =IF(T94="Advisory","No pass mark",IF(T94="Manual","Claude will check",IF(I94="","Not done yet",IF(T94="Exact",IF(AND(ISNUMBER(I94),ISNUMBER(J94)),IF(ROUND(I94,2)=ROUND(J94,2),"Pass","Fail"),IF(TRIM(LOWER(I94&""))=TRIM(LOWER(J94&"")),"Pass","Fail")),IF(T94="Min",IF(I94>=U94-1E-9,"Pass","Fail"),IF(T94="Between",IF(AND(I94>=U94,I94<=V94),"Pass","Fail"),IF(J94="","Not done yet",IF(T94="±%",IF(X94="","Check correct answer",IF(ABS(X94)*100<=V94+1E-9,"Pass","Fail")),IF(T94="% range",IF(X94="","Check correct answer",IF(AND(X94*100>=U94-1E-9,X94*100<=V94+1E-9),"Pass","Fail")),IF(T94="±abs",IF(ABS(W94)<=V94+1E-9,"Pass","Fail"),"Check type"))))))))))
A95: S2-087 | B95: C | C95: Vastu | D95: Rule cases behave as written | E95: — | F95: Book | G95: Rule cases (no ground truth) | H95: No pass mark (advisory) | M95: =IF(O95<>"",O95,Y95) | R95: — | S95: n/a | T95: Advisory | W95: =IF(AND(ISNUMBER(I95),ISNUMBER(J95)),I95-J95,"") | X95: =IF(AND(ISNUMBER(I95),ISNUMBER(J95)),IF(J95=0,"",(I95-J95)/ABS(J95)),"") | Y95: =IF(T95="Advisory","No pass mark",IF(T95="Manual","Claude will check",IF(I95="","Not done yet",IF(T95="Exact",IF(AND(ISNUMBER(I95),ISNUMBER(J95)),IF(ROUND(I95,2)=ROUND(J95,2),"Pass","Fail"),IF(TRIM(LOWER(I95&""))=TRIM(LOWER(J95&"")),"Pass","Fail")),IF(T95="Min",IF(I95>=U95-1E-9,"Pass","Fail"),IF(T95="Between",IF(AND(I95>=U95,I95<=V95),"Pass","Fail"),IF(J95="","Not done yet",IF(T95="±%",IF(X95="","Check correct answer",IF(ABS(X95)*100<=V95+1E-9,"Pass","Fail")),IF(T95="% range",IF(X95="","Check correct answer",IF(AND(X95*100>=U95-1E-9,X95*100<=V95+1E-9),"Pass","Fail")),IF(T95="±abs",IF(ABS(W95)<=V95+1E-9,"Pass","Fail"),"Check type"))))))))))

Sheet Stage 3
A1: Stage 3 Engineering (weeks 5 to 7)
A2: HOW TO FILL: 1) Find your letter. 2) Run the test in the app and type its answer in App answer. 3) Type the correct answer from the book or RERA in Correct answer (some are already filled). 4) Write where you got it. 5) Result fills itself. Don't change grey cells.
A4: Yellow = you fill · Grey = fixed plan, don't change · Blue = Claude fills · Click + above column R to see technical details
A5: # | B5: Who | C5: Topic | D5: What to test | E5: Unit | F5: Type | G5: Compare with | H5: Pass if | I5: App answer | J5: Correct answer | K5: Where you got it (book + page, or RERA no.) | L5: Off by | M5: Result | N5: Notes | O5: Claude: override | P5: Claude: first-run result | Q5: Claude: why it failed | R5: Code / clause | S5: Edition | T5: Tol type | U5: Tol low | V5: Tol high | W5: Difference | X5: Error % | Y5: Auto result
B6: A's tests (24)
A7: S3-001 | B7: A | C7: Seismic | D7: IITGN EQ3 Example 1: seismic weight W | E7: kN | F7: Book | G7: IITGN-WB EQ3 Example 1 | H7: Within 1% of correct answer | J7: 15600 | L7: =IF(X7="","",X7) | M7: =IF(O7<>"",O7,Y7) | R7: IS 1893 (Part 1):2016 Cl. 7.4 | S7: IS 1893:2016 | T7: ±% | V7: 1 | W7: =IF(AND(ISNUMBER(I7),ISNUMBER(J7)),I7-J7,"") | X7: =IF(AND(ISNUMBER(I7),ISNUMBER(J7)),IF(J7=0,"",(I7-J7)/ABS(J7)),"") | Y7: =IF(T7="Advisory","No pass mark",IF(T7="Manual","Claude will check",IF(I7="","Not done yet",IF(T7="Exact",IF(AND(ISNUMBER(I7),ISNUMBER(J7)),IF(ROUND(I7,2)=ROUND(J7,2),"Pass","Fail"),IF(TRIM(LOWER(I7&""))=TRIM(LOWER(J7&"")),"Pass","Fail")),IF(T7="Min",IF(I7>=U7-1E-9,"Pass","Fail"),IF(T7="Between",IF(AND(I7>=U7,I7<=V7),"Pass","Fail"),IF(J7="","Not done yet",IF(T7="±%",IF(X7="","Check correct answer",IF(ABS(X7)*100<=V7+1E-9,"Pass","Fail")),IF(T7="% range",IF(X7="","Check correct answer",IF(AND(X7*100>=U7-1E-9,X7*100<=V7+1E-9),"Pass","Fail")),IF(T7="±abs",IF(ABS(W7)<=V7+1E-9,"Pass","Fail"),"Check type"))))))))))
A8: S3-002 | B8: A | C8: Seismic | D8: IITGN EQ3 Example 1: design horizontal coefficient Ah | E8: — | F8: Book | G8: IITGN-WB EQ3 Example 1 | H8: Within 1% of correct answer | J8: 0.09 | L8: =IF(X8="","",X8) | M8: =IF(O8<>"",O8,Y8) | R8: IS 1893 (Part 1):2016 Cl. 6.4.2 | S8: IS 1893:2016 | T8: ±% | V8: 1 | W8: =IF(AND(ISNUMBER(I8),ISNUMBER(J8)),I8-J8,"") | X8: =IF(AND(ISNUMBER(I8),ISNUMBER(J8)),IF(J8=0,"",(I8-J8)/ABS(J8)),"") | Y8: =IF(T8="Advisory","No pass mark",IF(T8="Manual","Claude will check",IF(I8="","Not done yet",IF(T8="Exact",IF(AND(ISNUMBER(I8),ISNUMBER(J8)),IF(ROUND(I8,2)=ROUND(J8,2),"Pass","Fail"),IF(TRIM(LOWER(I8&""))=TRIM(LOWER(J8&"")),"Pass","Fail")),IF(T8="Min",IF(I8>=U8-1E-9,"Pass","Fail"),IF(T8="Between",IF(AND(I8>=U8,I8<=V8),"Pass","Fail"),IF(J8="","Not done yet",IF(T8="±%",IF(X8="","Check correct answer",IF(ABS(X8)*100<=V8+1E-9,"Pass","Fail")),IF(T8="% range",IF(X8="","Check correct answer",IF(AND(X8*100>=U8-1E-9,X8*100<=V8+1E-9),"Pass","Fail")),IF(T8="±abs",IF(ABS(W8)<=V8+1E-9,"Pass","Fail"),"Check type"))))))))))
A9: S3-003 | B9: A | C9: Seismic | D9: IITGN EQ3 Example 1: base shear Vb | E9: kN | F9: Book | G9: IITGN-WB EQ3 Example 1 | H9: Within 1% of correct answer | J9: 1404 | L9: =IF(X9="","",X9) | M9: =IF(O9<>"",O9,Y9) | R9: IS 1893 (Part 1):2016 Cl. 7.2.1 | S9: IS 1893:2016 | T9: ±% | V9: 1 | W9: =IF(AND(ISNUMBER(I9),ISNUMBER(J9)),I9-J9,"") | X9: =IF(AND(ISNUMBER(I9),ISNUMBER(J9)),IF(J9=0,"",(I9-J9)/ABS(J9)),"") | Y9: =IF(T9="Advisory","No pass mark",IF(T9="Manual","Claude will check",IF(I9="","Not done yet",IF(T9="Exact",IF(AND(ISNUMBER(I9),ISNUMBER(J9)),IF(ROUND(I9,2)=ROUND(J9,2),"Pass","Fail"),IF(TRIM(LOWER(I9&""))=TRIM(LOWER(J9&"")),"Pass","Fail")),IF(T9="Min",IF(I9>=U9-1E-9,"Pass","Fail"),IF(T9="Between",IF(AND(I9>=U9,I9<=V9),"Pass","Fail"),IF(J9="","Not done yet",IF(T9="±%",IF(X9="","Check correct answer",IF(ABS(X9)*100<=V9+1E-9,"Pass","Fail")),IF(T9="% range",IF(X9="","Check correct answer",IF(AND(X9*100>=U9-1E-9,X9*100<=V9+1E-9),"Pass","Fail")),IF(T9="±abs",IF(ABS(W9)<=V9+1E-9,"Pass","Fail"),"Check type"))))))))))
A10: S3-004 | B10: A | C10: Seismic | D10: IITGN EQ3 Example 1: storey force, top floor → Confirm floor labels against the example | E10: kN | F10: Book | G10: IITGN-WB EQ3 Example 1 | H10: Within 1% of correct answer | J10: 595 | L10: =IF(X10="","",X10) | M10: =IF(O10<>"",O10,Y10) | R10: IS 1893 (Part 1):2016 Cl. 7.7.1 | S10: IS 1893:2016 | T10: ±% | V10: 1 | W10: =IF(AND(ISNUMBER(I10),ISNUMBER(J10)),I10-J10,"") | X10: =IF(AND(ISNUMBER(I10),ISNUMBER(J10)),IF(J10=0,"",(I10-J10)/ABS(J10)),"") | Y10: =IF(T10="Advisory","No pass mark",IF(T10="Manual","Claude will check",IF(I10="","Not done yet",IF(T10="Exact",IF(AND(ISNUMBER(I10),ISNUMBER(J10)),IF(ROUND(I10,2)=ROUND(J10,2),"Pass","Fail"),IF(TRIM(LOWER(I10&""))=TRIM(LOWER(J10&"")),"Pass","Fail")),IF(T10="Min",IF(I10>=U10-1E-9,"Pass","Fail"),IF(T10="Between",IF(AND(I10>=U10,I10<=V10),"Pass","Fail"),IF(J10="","Not done yet",IF(T10="±%",IF(X10="","Check correct answer",IF(ABS(X10)*100<=V10+1E-9,"Pass","Fail")),IF(T10="% range",IF(X10="","Check correct answer",IF(AND(X10*100>=U10-1E-9,X10*100<=V10+1E-9),"Pass","Fail")),IF(T10="±abs",IF(ABS(W10)<=V10+1E-9,"Pass","Fail"),"Check type"))))))))))
A11: S3-005 | B11: A | C11: Seismic | D11: IITGN EQ3 Example 1: storey force, floor 3 → Confirm floor labels against the example | E11: kN | F11: Book | G11: IITGN-WB EQ3 Example 1 | H11: Within 1% of correct answer | J11: 492 | L11: =IF(X11="","",X11) | M11: =IF(O11<>"",O11,Y11) | R11: IS 1893 (Part 1):2016 Cl. 7.7.1 | S11: IS 1893:2016 | T11: ±% | V11: 1 | W11: =IF(AND(ISNUMBER(I11),ISNUMBER(J11)),I11-J11,"") | X11: =IF(AND(ISNUMBER(I11),ISNUMBER(J11)),IF(J11=0,"",(I11-J11)/ABS(J11)),"") | Y11: =IF(T11="Advisory","No pass mark",IF(T11="Manual","Claude will check",IF(I11="","Not done yet",IF(T11="Exact",IF(AND(ISNUMBER(I11),ISNUMBER(J11)),IF(ROUND(I11,2)=ROUND(J11,2),"Pass","Fail"),IF(TRIM(LOWER(I11&""))=TRIM(LOWER(J11&"")),"Pass","Fail")),IF(T11="Min",IF(I11>=U11-1E-9,"Pass","Fail"),IF(T11="Between",IF(AND(I11>=U11,I11<=V11),"Pass","Fail"),IF(J11="","Not done yet",IF(T11="±%",IF(X11="","Check correct answer",IF(ABS(X11)*100<=V11+1E-9,"Pass","Fail")),IF(T11="% range",IF(X11="","Check correct answer",IF(AND(X11*100>=U11-1E-9,X11*100<=V11+1E-9),"Pass","Fail")),IF(T11="±abs",IF(ABS(W11)<=V11+1E-9,"Pass","Fail"),"Check type"))))))))))
A12: S3-006 | B12: A | C12: Seismic | D12: IITGN EQ3 Example 1: storey force, floor 2 → Confirm floor labels against the example | E12: kN | F12: Book | G12: IITGN-WB EQ3 Example 1 | H12: Within 1% of correct answer | J12: 240 | L12: =IF(X12="","",X12) | M12: =IF(O12<>"",O12,Y12) | R12: IS 1893 (Part 1):2016 Cl. 7.7.1 | S12: IS 1893:2016 | T12: ±% | V12: 1 | W12: =IF(AND(ISNUMBER(I12),ISNUMBER(J12)),I12-J12,"") | X12: =IF(AND(ISNUMBER(I12),ISNUMBER(J12)),IF(J12=0,"",(I12-J12)/ABS(J12)),"") | Y12: =IF(T12="Advisory","No pass mark",IF(T12="Manual","Claude will check",IF(I12="","Not done yet",IF(T12="Exact",IF(AND(ISNUMBER(I12),ISNUMBER(J12)),IF(ROUND(I12,2)=ROUND(J12,2),"Pass","Fail"),IF(TRIM(LOWER(I12&""))=TRIM(LOWER(J12&"")),"Pass","Fail")),IF(T12="Min",IF(I12>=U12-1E-9,"Pass","Fail"),IF(T12="Between",IF(AND(I12>=U12,I12<=V12),"Pass","Fail"),IF(J12="","Not done yet",IF(T12="±%",IF(X12="","Check correct answer",IF(ABS(X12)*100<=V12+1E-9,"Pass","Fail")),IF(T12="% range",IF(X12="","Check correct answer",IF(AND(X12*100>=U12-1E-9,X12*100<=V12+1E-9),"Pass","Fail")),IF(T12="±abs",IF(ABS(W12)<=V12+1E-9,"Pass","Fail"),"Check type"))))))))))
A13: S3-007 | B13: A | C13: Seismic | D13: IITGN EQ3 Example 1: storey force, floor 1 → Confirm floor labels against the example | E13: kN | F13: Book | G13: IITGN-WB EQ3 Example 1 | H13: Within 1% of correct answer | J13: 77 | L13: =IF(X13="","",X13) | M13: =IF(O13<>"",O13,Y13) | R13: IS 1893 (Part 1):2016 Cl. 7.7.1 | S13: IS 1893:2016 | T13: ±% | V13: 1 | W13: =IF(AND(ISNUMBER(I13),ISNUMBER(J13)),I13-J13,"") | X13: =IF(AND(ISNUMBER(I13),ISNUMBER(J13)),IF(J13=0,"",(I13-J13)/ABS(J13)),"") | Y13: =IF(T13="Advisory","No pass mark",IF(T13="Manual","Claude will check",IF(I13="","Not done yet",IF(T13="Exact",IF(AND(ISNUMBER(I13),ISNUMBER(J13)),IF(ROUND(I13,2)=ROUND(J13,2),"Pass","Fail"),IF(TRIM(LOWER(I13&""))=TRIM(LOWER(J13&"")),"Pass","Fail")),IF(T13="Min",IF(I13>=U13-1E-9,"Pass","Fail"),IF(T13="Between",IF(AND(I13>=U13,I13<=V13),"Pass","Fail"),IF(J13="","Not done yet",IF(T13="±%",IF(X13="","Check correct answer",IF(ABS(X13)*100<=V13+1E-9,"Pass","Fail")),IF(T13="% range",IF(X13="","Check correct answer",IF(AND(X13*100>=U13-1E-9,X13*100<=V13+1E-9),"Pass","Fail")),IF(T13="±abs",IF(ABS(W13)<=V13+1E-9,"Pass","Fail"),"Check type"))))))))))
A14: S3-008 | B14: A | C14: Seismic | D14: IITK-GSDMA EQ26: base shear Vb (mapped to 2016) → Example gives 1,320 kN under the 2002 code; enter the 2016-mapped value | E14: kN | F14: Book | G14: IITK-GSDMA EQ26 | H14: Within 1% of correct answer | L14: =IF(X14="","",X14) | M14: =IF(O14<>"",O14,Y14) | R14: IS 1893 (Part 1):2016 Cl. 7.2.1 | S14: IS 1893:2016 | T14: ±% | V14: 1 | W14: =IF(AND(ISNUMBER(I14),ISNUMBER(J14)),I14-J14,"") | X14: =IF(AND(ISNUMBER(I14),ISNUMBER(J14)),IF(J14=0,"",(I14-J14)/ABS(J14)),"") | Y14: =IF(T14="Advisory","No pass mark",IF(T14="Manual","Claude will check",IF(I14="","Not done yet",IF(T14="Exact",IF(AND(ISNUMBER(I14),ISNUMBER(J14)),IF(ROUND(I14,2)=ROUND(J14,2),"Pass","Fail"),IF(TRIM(LOWER(I14&""))=TRIM(LOWER(J14&"")),"Pass","Fail")),IF(T14="Min",IF(I14>=U14-1E-9,"Pass","Fail"),IF(T14="Between",IF(AND(I14>=U14,I14<=V14),"Pass","Fail"),IF(J14="","Not done yet",IF(T14="±%",IF(X14="","Check correct answer",IF(ABS(X14)*100<=V14+1E-9,"Pass","Fail")),IF(T14="% range",IF(X14="","Check correct answer",IF(AND(X14*100>=U14-1E-9,X14*100<=V14+1E-9),"Pass","Fail")),IF(T14="±abs",IF(ABS(W14)<=V14+1E-9,"Pass","Fail"),"Check type"))))))))))
A15: S3-009 | B15: A | C15: Seismic | D15: Bengaluru tower 1: seismic weight W | E15: kN | F15: Real | G15: Hand calculation | H15: Within 1% of correct answer | L15: =IF(X15="","",X15) | M15: =IF(O15<>"",O15,Y15) | R15: IS 1893 (Part 1):2016 Cl. 7.4 | S15: IS 1893:2016 | T15: ±% | V15: 1 | W15: =IF(AND(ISNUMBER(I15),ISNUMBER(J15)),I15-J15,"") | X15: =IF(AND(ISNUMBER(I15),ISNUMBER(J15)),IF(J15=0,"",(I15-J15)/ABS(J15)),"") | Y15: =IF(T15="Advisory","No pass mark",IF(T15="Manual","Claude will check",IF(I15="","Not done yet",IF(T15="Exact",IF(AND(ISNUMBER(I15),ISNUMBER(J15)),IF(ROUND(I15,2)=ROUND(J15,2),"Pass","Fail"),IF(TRIM(LOWER(I15&""))=TRIM(LOWER(J15&"")),"Pass","Fail")),IF(T15="Min",IF(I15>=U15-1E-9,"Pass","Fail"),IF(T15="Between",IF(AND(I15>=U15,I15<=V15),"Pass","Fail"),IF(J15="","Not done yet",IF(T15="±%",IF(X15="","Check correct answer",IF(ABS(X15)*100<=V15+1E-9,"Pass","Fail")),IF(T15="% range",IF(X15="","Check correct answer",IF(AND(X15*100>=U15-1E-9,X15*100<=V15+1E-9),"Pass","Fail")),IF(T15="±abs",IF(ABS(W15)<=V15+1E-9,"Pass","Fail"),"Check type"))))))))))
A16: S3-010 | B16: A | C16: Seismic | D16: Bengaluru tower 1: base shear Vb | E16: kN | F16: Real | G16: Hand calculation | H16: Within 1% of correct answer | L16: =IF(X16="","",X16) | M16: =IF(O16<>"",O16,Y16) | R16: IS 1893 (Part 1):2016 Cl. 7.2.1 | S16: IS 1893:2016 | T16: ±% | V16: 1 | W16: =IF(AND(ISNUMBER(I16),ISNUMBER(J16)),I16-J16,"") | X16: =IF(AND(ISNUMBER(I16),ISNUMBER(J16)),IF(J16=0,"",(I16-J16)/ABS(J16)),"") | Y16: =IF(T16="Advisory","No pass mark",IF(T16="Manual","Claude will check",IF(I16="","Not done yet",IF(T16="Exact",IF(AND(ISNUMBER(I16),ISNUMBER(J16)),IF(ROUND(I16,2)=ROUND(J16,2),"Pass","Fail"),IF(TRIM(LOWER(I16&""))=TRIM(LOWER(J16&"")),"Pass","Fail")),IF(T16="Min",IF(I16>=U16-1E-9,"Pass","Fail"),IF(T16="Between",IF(AND(I16>=U16,I16<=V16),"Pass","Fail"),IF(J16="","Not done yet",IF(T16="±%",IF(X16="","Check correct answer",IF(ABS(X16)*100<=V16+1E-9,"Pass","Fail")),IF(T16="% range",IF(X16="","Check correct answer",IF(AND(X16*100>=U16-1E-9,X16*100<=V16+1E-9),"Pass","Fail")),IF(T16="±abs",IF(ABS(W16)<=V16+1E-9,"Pass","Fail"),"Check type"))))))))))
A17: S3-011 | B17: A | C17: Seismic | D17: Bengaluru tower 2: seismic weight W | E17: kN | F17: Real | G17: Hand calculation | H17: Within 1% of correct answer | L17: =IF(X17="","",X17) | M17: =IF(O17<>"",O17,Y17) | R17: IS 1893 (Part 1):2016 Cl. 7.4 | S17: IS 1893:2016 | T17: ±% | V17: 1 | W17: =IF(AND(ISNUMBER(I17),ISNUMBER(J17)),I17-J17,"") | X17: =IF(AND(ISNUMBER(I17),ISNUMBER(J17)),IF(J17=0,"",(I17-J17)/ABS(J17)),"") | Y17: =IF(T17="Advisory","No pass mark",IF(T17="Manual","Claude will check",IF(I17="","Not done yet",IF(T17="Exact",IF(AND(ISNUMBER(I17),ISNUMBER(J17)),IF(ROUND(I17,2)=ROUND(J17,2),"Pass","Fail"),IF(TRIM(LOWER(I17&""))=TRIM(LOWER(J17&"")),"Pass","Fail")),IF(T17="Min",IF(I17>=U17-1E-9,"Pass","Fail"),IF(T17="Between",IF(AND(I17>=U17,I17<=V17),"Pass","Fail"),IF(J17="","Not done yet",IF(T17="±%",IF(X17="","Check correct answer",IF(ABS(X17)*100<=V17+1E-9,"Pass","Fail")),IF(T17="% range",IF(X17="","Check correct answer",IF(AND(X17*100>=U17-1E-9,X17*100<=V17+1E-9),"Pass","Fail")),IF(T17="±abs",IF(ABS(W17)<=V17+1E-9,"Pass","Fail"),"Check type"))))))))))
A18: S3-012 | B18: A | C18: Seismic | D18: Bengaluru tower 2: base shear Vb | E18: kN | F18: Real | G18: Hand calculation | H18: Within 1% of correct answer | L18: =IF(X18="","",X18) | M18: =IF(O18<>"",O18,Y18) | R18: IS 1893 (Part 1):2016 Cl. 7.2.1 | S18: IS 1893:2016 | T18: ±% | V18: 1 | W18: =IF(AND(ISNUMBER(I18),ISNUMBER(J18)),I18-J18,"") | X18: =IF(AND(ISNUMBER(I18),ISNUMBER(J18)),IF(J18=0,"",(I18-J18)/ABS(J18)),"") | Y18: =IF(T18="Advisory","No pass mark",IF(T18="Manual","Claude will check",IF(I18="","Not done yet",IF(T18="Exact",IF(AND(ISNUMBER(I18),ISNUMBER(J18)),IF(ROUND(I18,2)=ROUND(J18,2),"Pass","Fail"),IF(TRIM(LOWER(I18&""))=TRIM(LOWER(J18&"")),"Pass","Fail")),IF(T18="Min",IF(I18>=U18-1E-9,"Pass","Fail"),IF(T18="Between",IF(AND(I18>=U18,I18<=V18),"Pass","Fail"),IF(J18="","Not done yet",IF(T18="±%",IF(X18="","Check correct answer",IF(ABS(X18)*100<=V18+1E-9,"Pass","Fail")),IF(T18="% range",IF(X18="","Check correct answer",IF(AND(X18*100>=U18-1E-9,X18*100<=V18+1E-9),"Pass","Fail")),IF(T18="±abs",IF(ABS(W18)<=V18+1E-9,"Pass","Fail"),"Check type"))))))))))
A19: S3-013 | B19: A | C19: Seismic | D19: Bengaluru tower 1: base shear Vb in PyNite (OPTIONAL) | E19: kN | F19: Real | G19: PyNite frame model | H19: Within 5% of correct answer | L19: =IF(X19="","",X19) | M19: =IF(O19<>"",O19,Y19) | R19: IS 1893 (Part 1):2016 Cl. 7.2.1 | S19: IS 1893:2016 | T19: ±% | V19: 5 | W19: =IF(AND(ISNUMBER(I19),ISNUMBER(J19)),I19-J19,"") | X19: =IF(AND(ISNUMBER(I19),ISNUMBER(J19)),IF(J19=0,"",(I19-J19)/ABS(J19)),"") | Y19: =IF(T19="Advisory","No pass mark",IF(T19="Manual","Claude will check",IF(I19="","Not done yet",IF(T19="Exact",IF(AND(ISNUMBER(I19),ISNUMBER(J19)),IF(ROUND(I19,2)=ROUND(J19,2),"Pass","Fail"),IF(TRIM(LOWER(I19&""))=TRIM(LOWER(J19&"")),"Pass","Fail")),IF(T19="Min",IF(I19>=U19-1E-9,"Pass","Fail"),IF(T19="Between",IF(AND(I19>=U19,I19<=V19),"Pass","Fail"),IF(J19="","Not done yet",IF(T19="±%",IF(X19="","Check correct answer",IF(ABS(X19)*100<=V19+1E-9,"Pass","Fail")),IF(T19="% range",IF(X19="","Check correct answer",IF(AND(X19*100>=U19-1E-9,X19*100<=V19+1E-9),"Pass","Fail")),IF(T19="±abs",IF(ABS(W19)<=V19+1E-9,"Pass","Fail"),"Check type"))))))))))
A20: S3-014 | B20: A | C20: Dead and live loads | D20: IITGN EQ3 Ex. 1: total dead load | E20: kN | F20: Book | G20: IITGN EQ3 Ex. 1 seismic-weight working | H20: Within 0.5% of correct answer | L20: =IF(X20="","",X20) | M20: =IF(O20<>"",O20,Y20) | R20: IS 875 (Part 1) | S20: IS 875-1:1987 | T20: ±% | V20: 0.5 | W20: =IF(AND(ISNUMBER(I20),ISNUMBER(J20)),I20-J20,"") | X20: =IF(AND(ISNUMBER(I20),ISNUMBER(J20)),IF(J20=0,"",(I20-J20)/ABS(J20)),"") | Y20: =IF(T20="Advisory","No pass mark",IF(T20="Manual","Claude will check",IF(I20="","Not done yet",IF(T20="Exact",IF(AND(ISNUMBER(I20),ISNUMBER(J20)),IF(ROUND(I20,2)=ROUND(J20,2),"Pass","Fail"),IF(TRIM(LOWER(I20&""))=TRIM(LOWER(J20&"")),"Pass","Fail")),IF(T20="Min",IF(I20>=U20-1E-9,"Pass","Fail"),IF(T20="Between",IF(AND(I20>=U20,I20<=V20),"Pass","Fail"),IF(J20="","Not done yet",IF(T20="±%",IF(X20="","Check correct answer",IF(ABS(X20)*100<=V20+1E-9,"Pass","Fail")),IF(T20="% range",IF(X20="","Check correct answer",IF(AND(X20*100>=U20-1E-9,X20*100<=V20+1E-9),"Pass","Fail")),IF(T20="±abs",IF(ABS(W20)<=V20+1E-9,"Pass","Fail"),"Check type"))))))))))
A21: S3-015 | B21: A | C21: Dead and live loads | D21: IITGN EQ3 Ex. 1: total live load | E21: kN | F21: Book | G21: IITGN EQ3 Ex. 1 seismic-weight working | H21: Within 0.5% of correct answer | L21: =IF(X21="","",X21) | M21: =IF(O21<>"",O21,Y21) | R21: IS 875 (Part 2) | S21: IS 875-2:1987 | T21: ±% | V21: 0.5 | W21: =IF(AND(ISNUMBER(I21),ISNUMBER(J21)),I21-J21,"") | X21: =IF(AND(ISNUMBER(I21),ISNUMBER(J21)),IF(J21=0,"",(I21-J21)/ABS(J21)),"") | Y21: =IF(T21="Advisory","No pass mark",IF(T21="Manual","Claude will check",IF(I21="","Not done yet",IF(T21="Exact",IF(AND(ISNUMBER(I21),ISNUMBER(J21)),IF(ROUND(I21,2)=ROUND(J21,2),"Pass","Fail"),IF(TRIM(LOWER(I21&""))=TRIM(LOWER(J21&"")),"Pass","Fail")),IF(T21="Min",IF(I21>=U21-1E-9,"Pass","Fail"),IF(T21="Between",IF(AND(I21>=U21,I21<=V21),"Pass","Fail"),IF(J21="","Not done yet",IF(T21="±%",IF(X21="","Check correct answer",IF(ABS(X21)*100<=V21+1E-9,"Pass","Fail")),IF(T21="% range",IF(X21="","Check correct answer",IF(AND(X21*100>=U21-1E-9,X21*100<=V21+1E-9),"Pass","Fail")),IF(T21="±abs",IF(ABS(W21)<=V21+1E-9,"Pass","Fail"),"Check type"))))))))))
A22: S3-016 | B22: A | C22: Dead and live loads | D22: IITK-GSDMA EQ26: total dead load | E22: kN | F22: Book | G22: IITK-GSDMA EQ26 seismic-weight working | H22: Within 0.5% of correct answer | L22: =IF(X22="","",X22) | M22: =IF(O22<>"",O22,Y22) | R22: IS 875 (Part 1) | S22: IS 875-1:1987 | T22: ±% | V22: 0.5 | W22: =IF(AND(ISNUMBER(I22),ISNUMBER(J22)),I22-J22,"") | X22: =IF(AND(ISNUMBER(I22),ISNUMBER(J22)),IF(J22=0,"",(I22-J22)/ABS(J22)),"") | Y22: =IF(T22="Advisory","No pass mark",IF(T22="Manual","Claude will check",IF(I22="","Not done yet",IF(T22="Exact",IF(AND(ISNUMBER(I22),ISNUMBER(J22)),IF(ROUND(I22,2)=ROUND(J22,2),"Pass","Fail"),IF(TRIM(LOWER(I22&""))=TRIM(LOWER(J22&"")),"Pass","Fail")),IF(T22="Min",IF(I22>=U22-1E-9,"Pass","Fail"),IF(T22="Between",IF(AND(I22>=U22,I22<=V22),"Pass","Fail"),IF(J22="","Not done yet",IF(T22="±%",IF(X22="","Check correct answer",IF(ABS(X22)*100<=V22+1E-9,"Pass","Fail")),IF(T22="% range",IF(X22="","Check correct answer",IF(AND(X22*100>=U22-1E-9,X22*100<=V22+1E-9),"Pass","Fail")),IF(T22="±abs",IF(ABS(W22)<=V22+1E-9,"Pass","Fail"),"Check type"))))))))))
A23: S3-017 | B23: A | C23: Dead and live loads | D23: IITK-GSDMA EQ26: total live load | E23: kN | F23: Book | G23: IITK-GSDMA EQ26 seismic-weight working | H23: Within 0.5% of correct answer | L23: =IF(X23="","",X23) | M23: =IF(O23<>"",O23,Y23) | R23: IS 875 (Part 2) | S23: IS 875-2:1987 | T23: ±% | V23: 0.5 | W23: =IF(AND(ISNUMBER(I23),ISNUMBER(J23)),I23-J23,"") | X23: =IF(AND(ISNUMBER(I23),ISNUMBER(J23)),IF(J23=0,"",(I23-J23)/ABS(J23)),"") | Y23: =IF(T23="Advisory","No pass mark",IF(T23="Manual","Claude will check",IF(I23="","Not done yet",IF(T23="Exact",IF(AND(ISNUMBER(I23),ISNUMBER(J23)),IF(ROUND(I23,2)=ROUND(J23,2),"Pass","Fail"),IF(TRIM(LOWER(I23&""))=TRIM(LOWER(J23&"")),"Pass","Fail")),IF(T23="Min",IF(I23>=U23-1E-9,"Pass","Fail"),IF(T23="Between",IF(AND(I23>=U23,I23<=V23),"Pass","Fail"),IF(J23="","Not done yet",IF(T23="±%",IF(X23="","Check correct answer",IF(ABS(X23)*100<=V23+1E-9,"Pass","Fail")),IF(T23="% range",IF(X23="","Check correct answer",IF(AND(X23*100>=U23-1E-9,X23*100<=V23+1E-9),"Pass","Fail")),IF(T23="±abs",IF(ABS(W23)<=V23+1E-9,"Pass","Fail"),"Check type"))))))))))
A24: S3-018 | B24: A | C24: Load combinations | D24: One column, worst axial load under 1.5(DL + LL) | E24: kN | F24: Book | G24: Hand calculation | H24: Same as correct answer | L24: =IF(W24="","",W24) | M24: =IF(O24<>"",O24,Y24) | R24: IS 456:2000 Table 18 | S24: IS 456:2000 | T24: Exact | W24: =IF(AND(ISNUMBER(I24),ISNUMBER(J24)),I24-J24,"") | X24: =IF(AND(ISNUMBER(I24),ISNUMBER(J24)),IF(J24=0,"",(I24-J24)/ABS(J24)),"") | Y24: =IF(T24="Advisory","No pass mark",IF(T24="Manual","Claude will check",IF(I24="","Not done yet",IF(T24="Exact",IF(AND(ISNUMBER(I24),ISNUMBER(J24)),IF(ROUND(I24,2)=ROUND(J24,2),"Pass","Fail"),IF(TRIM(LOWER(I24&""))=TRIM(LOWER(J24&"")),"Pass","Fail")),IF(T24="Min",IF(I24>=U24-1E-9,"Pass","Fail"),IF(T24="Between",IF(AND(I24>=U24,I24<=V24),"Pass","Fail"),IF(J24="","Not done yet",IF(T24="±%",IF(X24="","Check correct answer",IF(ABS(X24)*100<=V24+1E-9,"Pass","Fail")),IF(T24="% range",IF(X24="","Check correct answer",IF(AND(X24*100>=U24-1E-9,X24*100<=V24+1E-9),"Pass","Fail")),IF(T24="±abs",IF(ABS(W24)<=V24+1E-9,"Pass","Fail"),"Check type"))))))))))
A25: S3-019 | B25: A | C25: Load combinations | D25: One column, worst axial load under 1.5(DL ± EL) | E25: kN | F25: Book | G25: Hand calculation | H25: Same as correct answer | L25: =IF(W25="","",W25) | M25: =IF(O25<>"",O25,Y25) | R25: IS 456:2000 Table 18 | S25: IS 456:2000 | T25: Exact | W25: =IF(AND(ISNUMBER(I25),ISNUMBER(J25)),I25-J25,"") | X25: =IF(AND(ISNUMBER(I25),ISNUMBER(J25)),IF(J25=0,"",(I25-J25)/ABS(J25)),"") | Y25: =IF(T25="Advisory","No pass mark",IF(T25="Manual","Claude will check",IF(I25="","Not done yet",IF(T25="Exact",IF(AND(ISNUMBER(I25),ISNUMBER(J25)),IF(ROUND(I25,2)=ROUND(J25,2),"Pass","Fail"),IF(TRIM(LOWER(I25&""))=TRIM(LOWER(J25&"")),"Pass","Fail")),IF(T25="Min",IF(I25>=U25-1E-9,"Pass","Fail"),IF(T25="Between",IF(AND(I25>=U25,I25<=V25),"Pass","Fail"),IF(J25="","Not done yet",IF(T25="±%",IF(X25="","Check correct answer",IF(ABS(X25)*100<=V25+1E-9,"Pass","Fail")),IF(T25="% range",IF(X25="","Check correct answer",IF(AND(X25*100>=U25-1E-9,X25*100<=V25+1E-9),"Pass","Fail")),IF(T25="±abs",IF(ABS(W25)<=V25+1E-9,"Pass","Fail"),"Check type"))))))))))
A26: S3-020 | B26: A | C26: Load combinations | D26: One column, worst axial load under 1.2(DL + LL ± EL) | E26: kN | F26: Book | G26: Hand calculation | H26: Same as correct answer | L26: =IF(W26="","",W26) | M26: =IF(O26<>"",O26,Y26) | R26: IS 456:2000 Table 18 | S26: IS 456:2000 | T26: Exact | W26: =IF(AND(ISNUMBER(I26),ISNUMBER(J26)),I26-J26,"") | X26: =IF(AND(ISNUMBER(I26),ISNUMBER(J26)),IF(J26=0,"",(I26-J26)/ABS(J26)),"") | Y26: =IF(T26="Advisory","No pass mark",IF(T26="Manual","Claude will check",IF(I26="","Not done yet",IF(T26="Exact",IF(AND(ISNUMBER(I26),ISNUMBER(J26)),IF(ROUND(I26,2)=ROUND(J26,2),"Pass","Fail"),IF(TRIM(LOWER(I26&""))=TRIM(LOWER(J26&"")),"Pass","Fail")),IF(T26="Min",IF(I26>=U26-1E-9,"Pass","Fail"),IF(T26="Between",IF(AND(I26>=U26,I26<=V26),"Pass","Fail"),IF(J26="","Not done yet",IF(T26="±%",IF(X26="","Check correct answer",IF(ABS(X26)*100<=V26+1E-9,"Pass","Fail")),IF(T26="% range",IF(X26="","Check correct answer",IF(AND(X26*100>=U26-1E-9,X26*100<=V26+1E-9),"Pass","Fail")),IF(T26="±abs",IF(ABS(W26)<=V26+1E-9,"Pass","Fail"),"Check type"))))))))))
A27: S3-021 | B27: A | C27: Load combinations | D27: One column, worst axial load under 0.9DL ± 1.5EL | E27: kN | F27: Book | G27: Hand calculation | H27: Same as correct answer | L27: =IF(W27="","",W27) | M27: =IF(O27<>"",O27,Y27) | R27: IS 456:2000 Table 18 | S27: IS 456:2000 | T27: Exact | W27: =IF(AND(ISNUMBER(I27),ISNUMBER(J27)),I27-J27,"") | X27: =IF(AND(ISNUMBER(I27),ISNUMBER(J27)),IF(J27=0,"",(I27-J27)/ABS(J27)),"") | Y27: =IF(T27="Advisory","No pass mark",IF(T27="Manual","Claude will check",IF(I27="","Not done yet",IF(T27="Exact",IF(AND(ISNUMBER(I27),ISNUMBER(J27)),IF(ROUND(I27,2)=ROUND(J27,2),"Pass","Fail"),IF(TRIM(LOWER(I27&""))=TRIM(LOWER(J27&"")),"Pass","Fail")),IF(T27="Min",IF(I27>=U27-1E-9,"Pass","Fail"),IF(T27="Between",IF(AND(I27>=U27,I27<=V27),"Pass","Fail"),IF(J27="","Not done yet",IF(T27="±%",IF(X27="","Check correct answer",IF(ABS(X27)*100<=V27+1E-9,"Pass","Fail")),IF(T27="% range",IF(X27="","Check correct answer",IF(AND(X27*100>=U27-1E-9,X27*100<=V27+1E-9),"Pass","Fail")),IF(T27="±abs",IF(ABS(W27)<=V27+1E-9,"Pass","Fail"),"Check type"))))))))))
A28: S3-022 | B28: A | C28: Load combinations | D28: One column, worst axial load under 1.5(DL ± WL) | E28: kN | F28: Book | G28: Hand calculation | H28: Same as correct answer | L28: =IF(W28="","",W28) | M28: =IF(O28<>"",O28,Y28) | R28: IS 456:2000 Table 18 | S28: IS 456:2000 | T28: Exact | W28: =IF(AND(ISNUMBER(I28),ISNUMBER(J28)),I28-J28,"") | X28: =IF(AND(ISNUMBER(I28),ISNUMBER(J28)),IF(J28=0,"",(I28-J28)/ABS(J28)),"") | Y28: =IF(T28="Advisory","No pass mark",IF(T28="Manual","Claude will check",IF(I28="","Not done yet",IF(T28="Exact",IF(AND(ISNUMBER(I28),ISNUMBER(J28)),IF(ROUND(I28,2)=ROUND(J28,2),"Pass","Fail"),IF(TRIM(LOWER(I28&""))=TRIM(LOWER(J28&"")),"Pass","Fail")),IF(T28="Min",IF(I28>=U28-1E-9,"Pass","Fail"),IF(T28="Between",IF(AND(I28>=U28,I28<=V28),"Pass","Fail"),IF(J28="","Not done yet",IF(T28="±%",IF(X28="","Check correct answer",IF(ABS(X28)*100<=V28+1E-9,"Pass","Fail")),IF(T28="% range",IF(X28="","Check correct answer",IF(AND(X28*100>=U28-1E-9,X28*100<=V28+1E-9),"Pass","Fail")),IF(T28="±abs",IF(ABS(W28)<=V28+1E-9,"Pass","Fail"),"Check type"))))))))))
A29: S3-023 | B29: A | C29: Load combinations | D29: One column, worst axial load under 1.2(DL + LL ± WL) | E29: kN | F29: Book | G29: Hand calculation | H29: Same as correct answer | L29: =IF(W29="","",W29) | M29: =IF(O29<>"",O29,Y29) | R29: IS 456:2000 Table 18 | S29: IS 456:2000 | T29: Exact | W29: =IF(AND(ISNUMBER(I29),ISNUMBER(J29)),I29-J29,"") | X29: =IF(AND(ISNUMBER(I29),ISNUMBER(J29)),IF(J29=0,"",(I29-J29)/ABS(J29)),"") | Y29: =IF(T29="Advisory","No pass mark",IF(T29="Manual","Claude will check",IF(I29="","Not done yet",IF(T29="Exact",IF(AND(ISNUMBER(I29),ISNUMBER(J29)),IF(ROUND(I29,2)=ROUND(J29,2),"Pass","Fail"),IF(TRIM(LOWER(I29&""))=TRIM(LOWER(J29&"")),"Pass","Fail")),IF(T29="Min",IF(I29>=U29-1E-9,"Pass","Fail"),IF(T29="Between",IF(AND(I29>=U29,I29<=V29),"Pass","Fail"),IF(J29="","Not done yet",IF(T29="±%",IF(X29="","Check correct answer",IF(ABS(X29)*100<=V29+1E-9,"Pass","Fail")),IF(T29="% range",IF(X29="","Check correct answer",IF(AND(X29*100>=U29-1E-9,X29*100<=V29+1E-9),"Pass","Fail")),IF(T29="±abs",IF(ABS(W29)<=V29+1E-9,"Pass","Fail"),"Check type"))))))))))
A30: S3-024 | B30: A | C30: Load combinations | D30: One column, worst axial load under 0.9DL ± 1.5WL | E30: kN | F30: Book | G30: Hand calculation | H30: Same as correct answer | L30: =IF(W30="","",W30) | M30: =IF(O30<>"",O30,Y30) | R30: IS 456:2000 Table 18 | S30: IS 456:2000 | T30: Exact | W30: =IF(AND(ISNUMBER(I30),ISNUMBER(J30)),I30-J30,"") | X30: =IF(AND(ISNUMBER(I30),ISNUMBER(J30)),IF(J30=0,"",(I30-J30)/ABS(J30)),"") | Y30: =IF(T30="Advisory","No pass mark",IF(T30="Manual","Claude will check",IF(I30="","Not done yet",IF(T30="Exact",IF(AND(ISNUMBER(I30),ISNUMBER(J30)),IF(ROUND(I30,2)=ROUND(J30,2),"Pass","Fail"),IF(TRIM(LOWER(I30&""))=TRIM(LOWER(J30&"")),"Pass","Fail")),IF(T30="Min",IF(I30>=U30-1E-9,"Pass","Fail"),IF(T30="Between",IF(AND(I30>=U30,I30<=V30),"Pass","Fail"),IF(J30="","Not done yet",IF(T30="±%",IF(X30="","Check correct answer",IF(ABS(X30)*100<=V30+1E-9,"Pass","Fail")),IF(T30="% range",IF(X30="","Check correct answer",IF(AND(X30*100>=U30-1E-9,X30*100<=V30+1E-9),"Pass","Fail")),IF(T30="±abs",IF(ABS(W30)<=V30+1E-9,"Pass","Fail"),"Check type"))))))))))
B31: B's tests (36)
A32: S3-025 | B32: B | C32: Wind | D32: SP 64 example 1: design wind pressure pz | E32: kN/m² | F32: Book | G32: SP 64 example 1 (mapped from 1987 code) | H32: Within 1% of correct answer | L32: =IF(X32="","",X32) | M32: =IF(O32<>"",O32,Y32) | R32: IS 875 (Part 3):2015 | S32: IS 875-3:2015 | T32: ±% | V32: 1 | W32: =IF(AND(ISNUMBER(I32),ISNUMBER(J32)),I32-J32,"") | X32: =IF(AND(ISNUMBER(I32),ISNUMBER(J32)),IF(J32=0,"",(I32-J32)/ABS(J32)),"") | Y32: =IF(T32="Advisory","No pass mark",IF(T32="Manual","Claude will check",IF(I32="","Not done yet",IF(T32="Exact",IF(AND(ISNUMBER(I32),ISNUMBER(J32)),IF(ROUND(I32,2)=ROUND(J32,2),"Pass","Fail"),IF(TRIM(LOWER(I32&""))=TRIM(LOWER(J32&"")),"Pass","Fail")),IF(T32="Min",IF(I32>=U32-1E-9,"Pass","Fail"),IF(T32="Between",IF(AND(I32>=U32,I32<=V32),"Pass","Fail"),IF(J32="","Not done yet",IF(T32="±%",IF(X32="","Check correct answer",IF(ABS(X32)*100<=V32+1E-9,"Pass","Fail")),IF(T32="% range",IF(X32="","Check correct answer",IF(AND(X32*100>=U32-1E-9,X32*100<=V32+1E-9),"Pass","Fail")),IF(T32="±abs",IF(ABS(W32)<=V32+1E-9,"Pass","Fail"),"Check type"))))))))))
A33: S3-026 | B33: B | C33: Wind | D33: SP 64 example 2: design wind pressure pz | E33: kN/m² | F33: Book | G33: SP 64 example 2 (mapped from 1987 code) | H33: Within 1% of correct answer | L33: =IF(X33="","",X33) | M33: =IF(O33<>"",O33,Y33) | R33: IS 875 (Part 3):2015 | S33: IS 875-3:2015 | T33: ±% | V33: 1 | W33: =IF(AND(ISNUMBER(I33),ISNUMBER(J33)),I33-J33,"") | X33: =IF(AND(ISNUMBER(I33),ISNUMBER(J33)),IF(J33=0,"",(I33-J33)/ABS(J33)),"") | Y33: =IF(T33="Advisory","No pass mark",IF(T33="Manual","Claude will check",IF(I33="","Not done yet",IF(T33="Exact",IF(AND(ISNUMBER(I33),ISNUMBER(J33)),IF(ROUND(I33,2)=ROUND(J33,2),"Pass","Fail"),IF(TRIM(LOWER(I33&""))=TRIM(LOWER(J33&"")),"Pass","Fail")),IF(T33="Min",IF(I33>=U33-1E-9,"Pass","Fail"),IF(T33="Between",IF(AND(I33>=U33,I33<=V33),"Pass","Fail"),IF(J33="","Not done yet",IF(T33="±%",IF(X33="","Check correct answer",IF(ABS(X33)*100<=V33+1E-9,"Pass","Fail")),IF(T33="% range",IF(X33="","Check correct answer",IF(AND(X33*100>=U33-1E-9,X33*100<=V33+1E-9),"Pass","Fail")),IF(T33="±abs",IF(ABS(W33)<=V33+1E-9,"Pass","Fail"),"Check type"))))))))))
A34: S3-027 | B34: B | C34: Wind | D34: IS 875-3:2015 worked example: design wind pressure pz | E34: kN/m² | F34: Book | G34: 2015 worked example | H34: Within 1% of correct answer | L34: =IF(X34="","",X34) | M34: =IF(O34<>"",O34,Y34) | R34: IS 875 (Part 3):2015 | S34: IS 875-3:2015 | T34: ±% | V34: 1 | W34: =IF(AND(ISNUMBER(I34),ISNUMBER(J34)),I34-J34,"") | X34: =IF(AND(ISNUMBER(I34),ISNUMBER(J34)),IF(J34=0,"",(I34-J34)/ABS(J34)),"") | Y34: =IF(T34="Advisory","No pass mark",IF(T34="Manual","Claude will check",IF(I34="","Not done yet",IF(T34="Exact",IF(AND(ISNUMBER(I34),ISNUMBER(J34)),IF(ROUND(I34,2)=ROUND(J34,2),"Pass","Fail"),IF(TRIM(LOWER(I34&""))=TRIM(LOWER(J34&"")),"Pass","Fail")),IF(T34="Min",IF(I34>=U34-1E-9,"Pass","Fail"),IF(T34="Between",IF(AND(I34>=U34,I34<=V34),"Pass","Fail"),IF(J34="","Not done yet",IF(T34="±%",IF(X34="","Check correct answer",IF(ABS(X34)*100<=V34+1E-9,"Pass","Fail")),IF(T34="% range",IF(X34="","Check correct answer",IF(AND(X34*100>=U34-1E-9,X34*100<=V34+1E-9),"Pass","Fail")),IF(T34="±abs",IF(ABS(W34)<=V34+1E-9,"Pass","Fail"),"Check type"))))))))))
A35: S3-028 | B35: B | C35: Wind | D35: k2 at 10 m height | E35: — | F35: Book | G35: Table 2, interpolated between rows | H35: Within 1% of correct answer | L35: =IF(X35="","",X35) | M35: =IF(O35<>"",O35,Y35) | R35: IS 875 (Part 3):2015 Table 2 | S35: IS 875-3:2015 | T35: ±% | V35: 1 | W35: =IF(AND(ISNUMBER(I35),ISNUMBER(J35)),I35-J35,"") | X35: =IF(AND(ISNUMBER(I35),ISNUMBER(J35)),IF(J35=0,"",(I35-J35)/ABS(J35)),"") | Y35: =IF(T35="Advisory","No pass mark",IF(T35="Manual","Claude will check",IF(I35="","Not done yet",IF(T35="Exact",IF(AND(ISNUMBER(I35),ISNUMBER(J35)),IF(ROUND(I35,2)=ROUND(J35,2),"Pass","Fail"),IF(TRIM(LOWER(I35&""))=TRIM(LOWER(J35&"")),"Pass","Fail")),IF(T35="Min",IF(I35>=U35-1E-9,"Pass","Fail"),IF(T35="Between",IF(AND(I35>=U35,I35<=V35),"Pass","Fail"),IF(J35="","Not done yet",IF(T35="±%",IF(X35="","Check correct answer",IF(ABS(X35)*100<=V35+1E-9,"Pass","Fail")),IF(T35="% range",IF(X35="","Check correct answer",IF(AND(X35*100>=U35-1E-9,X35*100<=V35+1E-9),"Pass","Fail")),IF(T35="±abs",IF(ABS(W35)<=V35+1E-9,"Pass","Fail"),"Check type"))))))))))
A36: S3-029 | B36: B | C36: Wind | D36: k2 at 12 m height | E36: — | F36: Book | G36: Table 2, interpolated between rows | H36: Within 1% of correct answer | L36: =IF(X36="","",X36) | M36: =IF(O36<>"",O36,Y36) | R36: IS 875 (Part 3):2015 Table 2 | S36: IS 875-3:2015 | T36: ±% | V36: 1 | W36: =IF(AND(ISNUMBER(I36),ISNUMBER(J36)),I36-J36,"") | X36: =IF(AND(ISNUMBER(I36),ISNUMBER(J36)),IF(J36=0,"",(I36-J36)/ABS(J36)),"") | Y36: =IF(T36="Advisory","No pass mark",IF(T36="Manual","Claude will check",IF(I36="","Not done yet",IF(T36="Exact",IF(AND(ISNUMBER(I36),ISNUMBER(J36)),IF(ROUND(I36,2)=ROUND(J36,2),"Pass","Fail"),IF(TRIM(LOWER(I36&""))=TRIM(LOWER(J36&"")),"Pass","Fail")),IF(T36="Min",IF(I36>=U36-1E-9,"Pass","Fail"),IF(T36="Between",IF(AND(I36>=U36,I36<=V36),"Pass","Fail"),IF(J36="","Not done yet",IF(T36="±%",IF(X36="","Check correct answer",IF(ABS(X36)*100<=V36+1E-9,"Pass","Fail")),IF(T36="% range",IF(X36="","Check correct answer",IF(AND(X36*100>=U36-1E-9,X36*100<=V36+1E-9),"Pass","Fail")),IF(T36="±abs",IF(ABS(W36)<=V36+1E-9,"Pass","Fail"),"Check type"))))))))))
A37: S3-030 | B37: B | C37: Wind | D37: k2 at 15 m height | E37: — | F37: Book | G37: Table 2, interpolated between rows | H37: Within 1% of correct answer | L37: =IF(X37="","",X37) | M37: =IF(O37<>"",O37,Y37) | R37: IS 875 (Part 3):2015 Table 2 | S37: IS 875-3:2015 | T37: ±% | V37: 1 | W37: =IF(AND(ISNUMBER(I37),ISNUMBER(J37)),I37-J37,"") | X37: =IF(AND(ISNUMBER(I37),ISNUMBER(J37)),IF(J37=0,"",(I37-J37)/ABS(J37)),"") | Y37: =IF(T37="Advisory","No pass mark",IF(T37="Manual","Claude will check",IF(I37="","Not done yet",IF(T37="Exact",IF(AND(ISNUMBER(I37),ISNUMBER(J37)),IF(ROUND(I37,2)=ROUND(J37,2),"Pass","Fail"),IF(TRIM(LOWER(I37&""))=TRIM(LOWER(J37&"")),"Pass","Fail")),IF(T37="Min",IF(I37>=U37-1E-9,"Pass","Fail"),IF(T37="Between",IF(AND(I37>=U37,I37<=V37),"Pass","Fail"),IF(J37="","Not done yet",IF(T37="±%",IF(X37="","Check correct answer",IF(ABS(X37)*100<=V37+1E-9,"Pass","Fail")),IF(T37="% range",IF(X37="","Check correct answer",IF(AND(X37*100>=U37-1E-9,X37*100<=V37+1E-9),"Pass","Fail")),IF(T37="±abs",IF(ABS(W37)<=V37+1E-9,"Pass","Fail"),"Check type"))))))))))
A38: S3-031 | B38: B | C38: Wind | D38: k2 at 20 m height | E38: — | F38: Book | G38: Table 2, interpolated between rows | H38: Within 1% of correct answer | L38: =IF(X38="","",X38) | M38: =IF(O38<>"",O38,Y38) | R38: IS 875 (Part 3):2015 Table 2 | S38: IS 875-3:2015 | T38: ±% | V38: 1 | W38: =IF(AND(ISNUMBER(I38),ISNUMBER(J38)),I38-J38,"") | X38: =IF(AND(ISNUMBER(I38),ISNUMBER(J38)),IF(J38=0,"",(I38-J38)/ABS(J38)),"") | Y38: =IF(T38="Advisory","No pass mark",IF(T38="Manual","Claude will check",IF(I38="","Not done yet",IF(T38="Exact",IF(AND(ISNUMBER(I38),ISNUMBER(J38)),IF(ROUND(I38,2)=ROUND(J38,2),"Pass","Fail"),IF(TRIM(LOWER(I38&""))=TRIM(LOWER(J38&"")),"Pass","Fail")),IF(T38="Min",IF(I38>=U38-1E-9,"Pass","Fail"),IF(T38="Between",IF(AND(I38>=U38,I38<=V38),"Pass","Fail"),IF(J38="","Not done yet",IF(T38="±%",IF(X38="","Check correct answer",IF(ABS(X38)*100<=V38+1E-9,"Pass","Fail")),IF(T38="% range",IF(X38="","Check correct answer",IF(AND(X38*100>=U38-1E-9,X38*100<=V38+1E-9),"Pass","Fail")),IF(T38="±abs",IF(ABS(W38)<=V38+1E-9,"Pass","Fail"),"Check type"))))))))))
A39: S3-032 | B39: B | C39: Wind | D39: k2 at 25 m height | E39: — | F39: Book | G39: Table 2, interpolated between rows | H39: Within 1% of correct answer | L39: =IF(X39="","",X39) | M39: =IF(O39<>"",O39,Y39) | R39: IS 875 (Part 3):2015 Table 2 | S39: IS 875-3:2015 | T39: ±% | V39: 1 | W39: =IF(AND(ISNUMBER(I39),ISNUMBER(J39)),I39-J39,"") | X39: =IF(AND(ISNUMBER(I39),ISNUMBER(J39)),IF(J39=0,"",(I39-J39)/ABS(J39)),"") | Y39: =IF(T39="Advisory","No pass mark",IF(T39="Manual","Claude will check",IF(I39="","Not done yet",IF(T39="Exact",IF(AND(ISNUMBER(I39),ISNUMBER(J39)),IF(ROUND(I39,2)=ROUND(J39,2),"Pass","Fail"),IF(TRIM(LOWER(I39&""))=TRIM(LOWER(J39&"")),"Pass","Fail")),IF(T39="Min",IF(I39>=U39-1E-9,"Pass","Fail"),IF(T39="Between",IF(AND(I39>=U39,I39<=V39),"Pass","Fail"),IF(J39="","Not done yet",IF(T39="±%",IF(X39="","Check correct answer",IF(ABS(X39)*100<=V39+1E-9,"Pass","Fail")),IF(T39="% range",IF(X39="","Check correct answer",IF(AND(X39*100>=U39-1E-9,X39*100<=V39+1E-9),"Pass","Fail")),IF(T39="±abs",IF(ABS(W39)<=V39+1E-9,"Pass","Fail"),"Check type"))))))))))
A40: S3-033 | B40: B | C40: Wind | D40: k2 at 30 m height | E40: — | F40: Book | G40: Table 2, interpolated between rows | H40: Within 1% of correct answer | L40: =IF(X40="","",X40) | M40: =IF(O40<>"",O40,Y40) | R40: IS 875 (Part 3):2015 Table 2 | S40: IS 875-3:2015 | T40: ±% | V40: 1 | W40: =IF(AND(ISNUMBER(I40),ISNUMBER(J40)),I40-J40,"") | X40: =IF(AND(ISNUMBER(I40),ISNUMBER(J40)),IF(J40=0,"",(I40-J40)/ABS(J40)),"") | Y40: =IF(T40="Advisory","No pass mark",IF(T40="Manual","Claude will check",IF(I40="","Not done yet",IF(T40="Exact",IF(AND(ISNUMBER(I40),ISNUMBER(J40)),IF(ROUND(I40,2)=ROUND(J40,2),"Pass","Fail"),IF(TRIM(LOWER(I40&""))=TRIM(LOWER(J40&"")),"Pass","Fail")),IF(T40="Min",IF(I40>=U40-1E-9,"Pass","Fail"),IF(T40="Between",IF(AND(I40>=U40,I40<=V40),"Pass","Fail"),IF(J40="","Not done yet",IF(T40="±%",IF(X40="","Check correct answer",IF(ABS(X40)*100<=V40+1E-9,"Pass","Fail")),IF(T40="% range",IF(X40="","Check correct answer",IF(AND(X40*100>=U40-1E-9,X40*100<=V40+1E-9),"Pass","Fail")),IF(T40="±abs",IF(ABS(W40)<=V40+1E-9,"Pass","Fail"),"Check type"))))))))))
A41: S3-034 | B41: B | C41: Wind | D41: k2 at 40 m height | E41: — | F41: Book | G41: Table 2, interpolated between rows | H41: Within 1% of correct answer | L41: =IF(X41="","",X41) | M41: =IF(O41<>"",O41,Y41) | R41: IS 875 (Part 3):2015 Table 2 | S41: IS 875-3:2015 | T41: ±% | V41: 1 | W41: =IF(AND(ISNUMBER(I41),ISNUMBER(J41)),I41-J41,"") | X41: =IF(AND(ISNUMBER(I41),ISNUMBER(J41)),IF(J41=0,"",(I41-J41)/ABS(J41)),"") | Y41: =IF(T41="Advisory","No pass mark",IF(T41="Manual","Claude will check",IF(I41="","Not done yet",IF(T41="Exact",IF(AND(ISNUMBER(I41),ISNUMBER(J41)),IF(ROUND(I41,2)=ROUND(J41,2),"Pass","Fail"),IF(TRIM(LOWER(I41&""))=TRIM(LOWER(J41&"")),"Pass","Fail")),IF(T41="Min",IF(I41>=U41-1E-9,"Pass","Fail"),IF(T41="Between",IF(AND(I41>=U41,I41<=V41),"Pass","Fail"),IF(J41="","Not done yet",IF(T41="±%",IF(X41="","Check correct answer",IF(ABS(X41)*100<=V41+1E-9,"Pass","Fail")),IF(T41="% range",IF(X41="","Check correct answer",IF(AND(X41*100>=U41-1E-9,X41*100<=V41+1E-9),"Pass","Fail")),IF(T41="±abs",IF(ABS(W41)<=V41+1E-9,"Pass","Fail"),"Check type"))))))))))
A42: S3-035 | B42: B | C42: Wind | D42: k2 at 50 m height | E42: — | F42: Book | G42: Table 2, interpolated between rows | H42: Within 1% of correct answer | L42: =IF(X42="","",X42) | M42: =IF(O42<>"",O42,Y42) | R42: IS 875 (Part 3):2015 Table 2 | S42: IS 875-3:2015 | T42: ±% | V42: 1 | W42: =IF(AND(ISNUMBER(I42),ISNUMBER(J42)),I42-J42,"") | X42: =IF(AND(ISNUMBER(I42),ISNUMBER(J42)),IF(J42=0,"",(I42-J42)/ABS(J42)),"") | Y42: =IF(T42="Advisory","No pass mark",IF(T42="Manual","Claude will check",IF(I42="","Not done yet",IF(T42="Exact",IF(AND(ISNUMBER(I42),ISNUMBER(J42)),IF(ROUND(I42,2)=ROUND(J42,2),"Pass","Fail"),IF(TRIM(LOWER(I42&""))=TRIM(LOWER(J42&"")),"Pass","Fail")),IF(T42="Min",IF(I42>=U42-1E-9,"Pass","Fail"),IF(T42="Between",IF(AND(I42>=U42,I42<=V42),"Pass","Fail"),IF(J42="","Not done yet",IF(T42="±%",IF(X42="","Check correct answer",IF(ABS(X42)*100<=V42+1E-9,"Pass","Fail")),IF(T42="% range",IF(X42="","Check correct answer",IF(AND(X42*100>=U42-1E-9,X42*100<=V42+1E-9),"Pass","Fail")),IF(T42="±abs",IF(ABS(W42)<=V42+1E-9,"Pass","Fail"),"Check type"))))))))))
A43: S3-036 | B43: B | C43: Wind | D43: k2 at 60 m height | E43: — | F43: Book | G43: Table 2, interpolated between rows | H43: Within 1% of correct answer | L43: =IF(X43="","",X43) | M43: =IF(O43<>"",O43,Y43) | R43: IS 875 (Part 3):2015 Table 2 | S43: IS 875-3:2015 | T43: ±% | V43: 1 | W43: =IF(AND(ISNUMBER(I43),ISNUMBER(J43)),I43-J43,"") | X43: =IF(AND(ISNUMBER(I43),ISNUMBER(J43)),IF(J43=0,"",(I43-J43)/ABS(J43)),"") | Y43: =IF(T43="Advisory","No pass mark",IF(T43="Manual","Claude will check",IF(I43="","Not done yet",IF(T43="Exact",IF(AND(ISNUMBER(I43),ISNUMBER(J43)),IF(ROUND(I43,2)=ROUND(J43,2),"Pass","Fail"),IF(TRIM(LOWER(I43&""))=TRIM(LOWER(J43&"")),"Pass","Fail")),IF(T43="Min",IF(I43>=U43-1E-9,"Pass","Fail"),IF(T43="Between",IF(AND(I43>=U43,I43<=V43),"Pass","Fail"),IF(J43="","Not done yet",IF(T43="±%",IF(X43="","Check correct answer",IF(ABS(X43)*100<=V43+1E-9,"Pass","Fail")),IF(T43="% range",IF(X43="","Check correct answer",IF(AND(X43*100>=U43-1E-9,X43*100<=V43+1E-9),"Pass","Fail")),IF(T43="±abs",IF(ABS(W43)<=V43+1E-9,"Pass","Fail"),"Check type"))))))))))
... A46: S3-039 | B46: B | C46: Wind | D46: Bengaluru tower 2: design wind pressure pz (Vb = 33 m/s) | E46: kN/m² | F46: Real | G46: Hand calculation | H46: Within 1% of correct answer | L46: =IF(X46="","",X46) | M46: =IF(O46<>"",O46,Y46) | R46: IS 875 (Part 3):2015 | S46: IS 875-3:2015 | T46: ±% | V46: 1 | W46: =IF(AND(ISNUMBER(I46),ISNUMBER(J46)),I46-J46,"") | X46: =IF(AND(ISNUMBER(I46),ISNUMBER(J46)),IF(J46=0,"",(I46-J46)/ABS(J46)),"") | Y46: =IF(T46="Advisory","No pass mark",IF(T46="Manual","Claude will check",IF(I46="","Not done yet",IF(T46="Exact",IF(AND(ISNUMBER(I46),ISNUMBER(J46)),IF(ROUND(I46,2)=ROUND(J46,2),"Pass","Fail"),IF(TRIM(LOWER(I46&""))=TRIM(LOWER(J46&"")),"Pass","Fail")),IF(T46="Min",IF(I46>=U46-1E-9,"Pass","Fail"),IF(T46="Between",IF(AND(I46>=U46,I46<=V46),"Pass","Fail"),IF(J46="","Not done yet",IF(T46="±%",IF(X46="","Check correct answer",IF(ABS(X46)*100<=V46+1E-9,"Pass","Fail")),IF(T46="% range",IF(X46="","Check correct answer",IF(AND(X46*100>=U46-1E-9,X46*100<=V46+1E-9),"Pass","Fail")),IF(T46="±abs",IF(ABS(W46)<=V46+1E-9,"Pass","Fail"),"Check type"))))))))))
A47: S3-040 | B47: B | C47: Column and beam sizing | D47: SP 16 chart point 1: column size | E47: mm | F47: Book | G47: SP 16 design chart | H47: Within ±50 mm | L47: =IF(W47="","",W47) | M47: =IF(O47<>"",O47,Y47) | R47: IS 456:2000; SP 16 | S47: IS 456:2000 | T47: ±abs | V47: 50 | W47: =IF(AND(ISNUMBER(I47),ISNUMBER(J47)),I47-J47,"") | X47: =IF(AND(ISNUMBER(I47),ISNUMBER(J47)),IF(J47=0,"",(I47-J47)/ABS(J47)),"") | Y47: =IF(T47="Advisory","No pass mark",IF(T47="Manual","Claude will check",IF(I47="","Not done yet",IF(T47="Exact",IF(AND(ISNUMBER(I47),ISNUMBER(J47)),IF(ROUND(I47,2)=ROUND(J47,2),"Pass","Fail"),IF(TRIM(LOWER(I47&""))=TRIM(LOWER(J47&"")),"Pass","Fail")),IF(T47="Min",IF(I47>=U47-1E-9,"Pass","Fail"),IF(T47="Between",IF(AND(I47>=U47,I47<=V47),"Pass","Fail"),IF(J47="","Not done yet",IF(T47="±%",IF(X47="","Check correct answer",IF(ABS(X47)*100<=V47+1E-9,"Pass","Fail")),IF(T47="% range",IF(X47="","Check correct answer",IF(AND(X47*100>=U47-1E-9,X47*100<=V47+1E-9),"Pass","Fail")),IF(T47="±abs",IF(ABS(W47)<=V47+1E-9,"Pass","Fail"),"Check type"))))))))))
A48: S3-041 | B48: B | C48: Column and beam sizing | D48: SP 16 chart point 2: column size | E48: mm | F48: Book | G48: SP 16 design chart | H48: Within ±50 mm | L48: =IF(W48="","",W48) | M48: =IF(O48<>"",O48,Y48) | R48: IS 456:2000; SP 16 | S48: IS 456:2000 | T48: ±abs | V48: 50 | W48: =IF(AND(ISNUMBER(I48),ISNUMBER(J48)),I48-J48,"") | X48: =IF(AND(ISNUMBER(I48),ISNUMBER(J48)),IF(J48=0,"",(I48-J48)/ABS(J48)),"") | Y48: =IF(T48="Advisory","No pass mark",IF(T48="Manual","Claude will check",IF(I48="","Not done yet",IF(T48="Exact",IF(AND(ISNUMBER(I48),ISNUMBER(J48)),IF(ROUND(I48,2)=ROUND(J48,2),"Pass","Fail"),IF(TRIM(LOWER(I48&""))=TRIM(LOWER(J48&"")),"Pass","Fail")),IF(T48="Min",IF(I48>=U48-1E-9,"Pass","Fail"),IF(T48="Between",IF(AND(I48>=U48,I48<=V48),"Pass","Fail"),IF(J48="","Not done yet",IF(T48="±%",IF(X48="","Check correct answer",IF(ABS(X48)*100<=V48+1E-9,"Pass","Fail")),IF(T48="% range",IF(X48="","Check correct answer",IF(AND(X48*100>=U48-1E-9,X48*100<=V48+1E-9),"Pass","Fail")),IF(T48="±abs",IF(ABS(W48)<=V48+1E-9,"Pass","Fail"),"Check type"))))))))))
A49: S3-042 | B49: B | C49: Column and beam sizing | D49: SP 16 chart point 3: column size | E49: mm | F49: Book | G49: SP 16 design chart | H49: Within ±50 mm | L49: =IF(W49="","",W49) | M49: =IF(O49<>"",O49,Y49) | R49: IS 456:2000; SP 16 | S49: IS 456:2000 | T49: ±abs | V49: 50 | W49: =IF(AND(ISNUMBER(I49),ISNUMBER(J49)),I49-J49,"") | X49: =IF(AND(ISNUMBER(I49),ISNUMBER(J49)),IF(J49=0,"",(I49-J49)/ABS(J49)),"") | Y49: =IF(T49="Advisory","No pass mark",IF(T49="Manual","Claude will check",IF(I49="","Not done yet",IF(T49="Exact",IF(AND(ISNUMBER(I49),ISNUMBER(J49)),IF(ROUND(I49,2)=ROUND(J49,2),"Pass","Fail"),IF(TRIM(LOWER(I49&""))=TRIM(LOWER(J49&"")),"Pass","Fail")),IF(T49="Min",IF(I49>=U49-1E-9,"Pass","Fail"),IF(T49="Between",IF(AND(I49>=U49,I49<=V49),"Pass","Fail"),IF(J49="","Not done yet",IF(T49="±%",IF(X49="","Check correct answer",IF(ABS(X49)*100<=V49+1E-9,"Pass","Fail")),IF(T49="% range",IF(X49="","Check correct answer",IF(AND(X49*100>=U49-1E-9,X49*100<=V49+1E-9),"Pass","Fail")),IF(T49="±abs",IF(ABS(W49)<=V49+1E-9,"Pass","Fail"),"Check type"))))))))))
A50: S3-043 | B50: B | C50: Column and beam sizing | D50: SP 16 chart point 4: column size | E50: mm | F50: Book | G50: SP 16 design chart | H50: Within ±50 mm | L50: =IF(W50="","",W50) | M50: =IF(O50<>"",O50,Y50) | R50: IS 456:2000; SP 16 | S50: IS 456:2000 | T50: ±abs | V50: 50 | W50: =IF(AND(ISNUMBER(I50),ISNUMBER(J50)),I50-J50,"") | X50: =IF(AND(ISNUMBER(I50),ISNUMBER(J50)),IF(J50=0,"",(I50-J50)/ABS(J50)),"") | Y50: =IF(T50="Advisory","No pass mark",IF(T50="Manual","Claude will check",IF(I50="","Not done yet",IF(T50="Exact",IF(AND(ISNUMBER(I50),ISNUMBER(J50)),IF(ROUND(I50,2)=ROUND(J50,2),"Pass","Fail"),IF(TRIM(LOWER(I50&""))=TRIM(LOWER(J50&"")),"Pass","Fail")),IF(T50="Min",IF(I50>=U50-1E-9,"Pass","Fail"),IF(T50="Between",IF(AND(I50>=U50,I50<=V50),"Pass","Fail"),IF(J50="","Not done yet",IF(T50="±%",IF(X50="","Check correct answer",IF(ABS(X50)*100<=V50+1E-9,"Pass","Fail")),IF(T50="% range",IF(X50="","Check correct answer",IF(AND(X50*100>=U50-1E-9,X50*100<=V50+1E-9),"Pass","Fail")),IF(T50="±abs",IF(ABS(W50)<=V50+1E-9,"Pass","Fail"),"Check type"))))))))))
A51: S3-044 | B51: B | C51: Column and beam sizing | D51: SP 16 chart point 5: column size | E51: mm | F51: Book | G51: SP 16 design chart | H51: Within ±50 mm | L51: =IF(W51="","",W51) | M51: =IF(O51<>"",O51,Y51) | R51: IS 456:2000; SP 16 | S51: IS 456:2000 | T51: ±abs | V51: 50 | W51: =IF(AND(ISNUMBER(I51),ISNUMBER(J51)),I51-J51,"") | X51: =IF(AND(ISNUMBER(I51),ISNUMBER(J51)),IF(J51=0,"",(I51-J51)/ABS(J51)),"") | Y51: =IF(T51="Advisory","No pass mark",IF(T51="Manual","Claude will check",IF(I51="","Not done yet",IF(T51="Exact",IF(AND(ISNUMBER(I51),ISNUMBER(J51)),IF(ROUND(I51,2)=ROUND(J51,2),"Pass","Fail"),IF(TRIM(LOWER(I51&""))=TRIM(LOWER(J51&"")),"Pass","Fail")),IF(T51="Min",IF(I51>=U51-1E-9,"Pass","Fail"),IF(T51="Between",IF(AND(I51>=U51,I51<=V51),"Pass","Fail"),IF(J51="","Not done yet",IF(T51="±%",IF(X51="","Check correct answer",IF(ABS(X51)*100<=V51+1E-9,"Pass","Fail")),IF(T51="% range",IF(X51="","Check correct answer",IF(AND(X51*100>=U51-1E-9,X51*100<=V51+1E-9),"Pass","Fail")),IF(T51="±abs",IF(ABS(W51)<=V51+1E-9,"Pass","Fail"),"Check type"))))))))))
A52: S3-045 | B52: B | C52: Column and beam sizing | D52: IITK-GSDMA EQ22: member size | E52: mm | F52: Real | G52: IITK-GSDMA EQ22 | H52: Within ±50 mm | L52: =IF(W52="","",W52) | M52: =IF(O52<>"",O52,Y52) | R52: IS 456:2000 | S52: IS 456:2000 | T52: ±abs | V52: 50 | W52: =IF(AND(ISNUMBER(I52),ISNUMBER(J52)),I52-J52,"") | X52: =IF(AND(ISNUMBER(I52),ISNUMBER(J52)),IF(J52=0,"",(I52-J52)/ABS(J52)),"") | Y52: =IF(T52="Advisory","No pass mark",IF(T52="Manual","Claude will check",IF(I52="","Not done yet",IF(T52="Exact",IF(AND(ISNUMBER(I52),ISNUMBER(J52)),IF(ROUND(I52,2)=ROUND(J52,2),"Pass","Fail"),IF(TRIM(LOWER(I52&""))=TRIM(LOWER(J52&"")),"Pass","Fail")),IF(T52="Min",IF(I52>=U52-1E-9,"Pass","Fail"),IF(T52="Between",IF(AND(I52>=U52,I52<=V52),"Pass","Fail"),IF(J52="","Not done yet",IF(T52="±%",IF(X52="","Check correct answer",IF(ABS(X52)*100<=V52+1E-9,"Pass","Fail")),IF(T52="% range",IF(X52="","Check correct answer",IF(AND(X52*100>=U52-1E-9,X52*100<=V52+1E-9),"Pass","Fail")),IF(T52="±abs",IF(ABS(W52)<=V52+1E-9,"Pass","Fail"),"Check type"))))))))))
